IF DB_ID('FoodDeliveryDB') IS NULL
    CREATE DATABASE FoodDeliveryDB;
GO
USE FoodDeliveryDB;
GO

-- Tables
CREATE TABLE TaiKhoan (
    MaTK NVARCHAR(20) PRIMARY KEY,
    TenDangNhap NVARCHAR(50) NOT NULL,
    MatKhau NVARCHAR(200) NOT NULL,
    VaiTro NVARCHAR(20) NOT NULL,
    TrangThai BIT DEFAULT 1
);
GO

CREATE TABLE KhachHang (
    MaKH NVARCHAR(20) PRIMARY KEY,
    TenKH NVARCHAR(100),
    SDT NVARCHAR(20),
    DiaChi NVARCHAR(300),
    MaTK NVARCHAR(20) FOREIGN KEY REFERENCES TaiKhoan(MaTK)
);
GO

CREATE TABLE Shipper (
    MaShipper NVARCHAR(20) PRIMARY KEY,
    TenShipper NVARCHAR(100),
    SDT NVARCHAR(20),
    BienSoXe NVARCHAR(50),
    MaTK NVARCHAR(20) FOREIGN KEY REFERENCES TaiKhoan(MaTK)
);
GO

CREATE TABLE LoaiMonAn (
    MaLoai NVARCHAR(20) PRIMARY KEY,
    TenLoai NVARCHAR(100)
);
GO

CREATE TABLE NhaHang (
    MaNH NVARCHAR(10) PRIMARY KEY,
    TenNH NVARCHAR(200),
    DiaChi NVARCHAR(300),
    SDT NVARCHAR(20),
    MaTK NVARCHAR(20) FOREIGN KEY REFERENCES TaiKhoan(MaTK)
);
GO

CREATE TABLE MonAn (
    MaMon NVARCHAR(20) PRIMARY KEY,
    MaNH NVARCHAR(10) FOREIGN KEY REFERENCES NhaHang(MaNH),
    TenMon NVARCHAR(200),
    MaLoai NVARCHAR(20) FOREIGN KEY REFERENCES LoaiMonAn(MaLoai),
    Gia DECIMAL(12,2),
    MoTa NVARCHAR(500)
);
GO

CREATE TABLE DonHang (
    MaDon NVARCHAR(30) PRIMARY KEY,
    MaKH NVARCHAR(20) FOREIGN KEY REFERENCES KhachHang(MaKH),
    MaNH NVARCHAR(10) FOREIGN KEY REFERENCES NhaHang(MaNH),
    MaShipper NVARCHAR(20) NULL FOREIGN KEY REFERENCES Shipper(MaShipper),
    TrangThai NVARCHAR(50),
    TongTien DECIMAL(12,2),
    ThoiGianDat DATETIME DEFAULT SYSUTCDATETIME()
);
GO

CREATE TABLE ChiTietDonHang (
    MaDon NVARCHAR(30) FOREIGN KEY REFERENCES DonHang(MaDon),
    MaMon NVARCHAR(20) FOREIGN KEY REFERENCES MonAn(MaMon),
    SoLuong INT,
    DonGia DECIMAL(12,2),
    PRIMARY KEY (MaDon, MaMon)
);
GO

CREATE TABLE DanhGia (
    MaDanhGia INT IDENTITY(1,1) PRIMARY KEY,
    MaDon NVARCHAR(30) FOREIGN KEY REFERENCES DonHang(MaDon),
    Diem INT,
    BinhLuan NVARCHAR(500)
);
GO
-- Loai mon an
INSERT INTO LoaiMonAn (MaLoai, TenLoai) VALUES (N'Com', N'Com');
INSERT INTO LoaiMonAn (MaLoai, TenLoai) VALUES (N'Pho', N'Pho');
INSERT INTO LoaiMonAn (MaLoai, TenLoai) VALUES (N'Bun', N'Bun');
INSERT INTO LoaiMonAn (MaLoai, TenLoai) VALUES (N'Trasua', N'Trasua');
INSERT INTO LoaiMonAn (MaLoai, TenLoai) VALUES (N'Lau', N'Lau');
INSERT INTO LoaiMonAn (MaLoai, TenLoai) VALUES (N'Sushi', N'Sushi');
INSERT INTO LoaiMonAn (MaLoai, TenLoai) VALUES (N'Pizza', N'Pizza');
INSERT INTO LoaiMonAn (MaLoai, TenLoai) VALUES (N'Mi', N'Mi');
INSERT INTO LoaiMonAn (MaLoai, TenLoai) VALUES (N'AnVat', N'AnVat');
INSERT INTO LoaiMonAn (MaLoai, TenLoai) VALUES (N'Haisan', N'Haisan');
INSERT INTO LoaiMonAn (MaLoai, TenLoai) VALUES (N'Steak', N'Steak');
INSERT INTO LoaiMonAn (MaLoai, TenLoai) VALUES (N'Chay', N'Chay');
GO
-- Tai khoan mau
INSERT INTO TaiKhoan (MaTK, TenDangNhap, MatKhau, VaiTro) VALUES (N'admin01', N'admin01', N'123456', N'Admin');
INSERT INTO TaiKhoan (MaTK, TenDangNhap, MatKhau, VaiTro) VALUES (N'khach01', N'khach01', N'123456', N'KhachHang');
INSERT INTO TaiKhoan (MaTK, TenDangNhap, MatKhau, VaiTro) VALUES (N'khach02', N'khach02', N'123456', N'KhachHang');
INSERT INTO TaiKhoan (MaTK, TenDangNhap, MatKhau, VaiTro) VALUES (N'khach03', N'khach03', N'123456', N'KhachHang');
INSERT INTO TaiKhoan (MaTK, TenDangNhap, MatKhau, VaiTro) VALUES (N'khach04', N'khach04', N'123456', N'KhachHang');
INSERT INTO TaiKhoan (MaTK, TenDangNhap, MatKhau, VaiTro) VALUES (N'khach05', N'khach05', N'123456', N'KhachHang');
INSERT INTO TaiKhoan (MaTK, TenDangNhap, MatKhau, VaiTro) VALUES (N'khach06', N'khach06', N'123456', N'KhachHang');
INSERT INTO TaiKhoan (MaTK, TenDangNhap, MatKhau, VaiTro) VALUES (N'khach07', N'khach07', N'123456', N'KhachHang');
INSERT INTO TaiKhoan (MaTK, TenDangNhap, MatKhau, VaiTro) VALUES (N'khach08', N'khach08', N'123456', N'KhachHang');
INSERT INTO TaiKhoan (MaTK, TenDangNhap, MatKhau, VaiTro) VALUES (N'khach09', N'khach09', N'123456', N'KhachHang');
INSERT INTO TaiKhoan (MaTK, TenDangNhap, MatKhau, VaiTro) VALUES (N'khach10', N'khach10', N'123456', N'KhachHang');
INSERT INTO TaiKhoan (MaTK, TenDangNhap, MatKhau, VaiTro) VALUES (N'shipper01', N'shipper01', N'123456', N'Shipper');
INSERT INTO TaiKhoan (MaTK, TenDangNhap, MatKhau, VaiTro) VALUES (N'shipper02', N'shipper02', N'123456', N'Shipper');
INSERT INTO TaiKhoan (MaTK, TenDangNhap, MatKhau, VaiTro) VALUES (N'shipper03', N'shipper03', N'123456', N'Shipper');
INSERT INTO TaiKhoan (MaTK, TenDangNhap, MatKhau, VaiTro) VALUES (N'shipper04', N'shipper04', N'123456', N'Shipper');
INSERT INTO TaiKhoan (MaTK, TenDangNhap, MatKhau, VaiTro) VALUES (N'shipper05', N'shipper05', N'123456', N'Shipper');
INSERT INTO TaiKhoan (MaTK, TenDangNhap, MatKhau, VaiTro) VALUES (N'shipper06', N'shipper06', N'123456', N'Shipper');
INSERT INTO TaiKhoan (MaTK, TenDangNhap, MatKhau, VaiTro) VALUES (N'shipper07', N'shipper07', N'123456', N'Shipper');
INSERT INTO TaiKhoan (MaTK, TenDangNhap, MatKhau, VaiTro) VALUES (N'shipper08', N'shipper08', N'123456', N'Shipper');
INSERT INTO TaiKhoan (MaTK, TenDangNhap, MatKhau, VaiTro) VALUES (N'shipper09', N'shipper09', N'123456', N'Shipper');
INSERT INTO TaiKhoan (MaTK, TenDangNhap, MatKhau, VaiTro) VALUES (N'shipper10', N'shipper10', N'123456', N'Shipper');
INSERT INTO TaiKhoan (MaTK, TenDangNhap, MatKhau, VaiTro) VALUES (N'shipper11', N'shipper11', N'123456', N'Shipper');
INSERT INTO TaiKhoan (MaTK, TenDangNhap, MatKhau, VaiTro) VALUES (N'shipper12', N'shipper12', N'123456', N'Shipper');
INSERT INTO TaiKhoan (MaTK, TenDangNhap, MatKhau, VaiTro) VALUES (N'shipper13', N'shipper13', N'123456', N'Shipper');
INSERT INTO TaiKhoan (MaTK, TenDangNhap, MatKhau, VaiTro) VALUES (N'shipper14', N'shipper14', N'123456', N'Shipper');
INSERT INTO TaiKhoan (MaTK, TenDangNhap, MatKhau, VaiTro) VALUES (N'shipper15', N'shipper15', N'123456', N'Shipper');
INSERT INTO TaiKhoan (MaTK, TenDangNhap, MatKhau, VaiTro) VALUES (N'shipper16', N'shipper16', N'123456', N'Shipper');
INSERT INTO TaiKhoan (MaTK, TenDangNhap, MatKhau, VaiTro) VALUES (N'shipper17', N'shipper17', N'123456', N'Shipper');
INSERT INTO TaiKhoan (MaTK, TenDangNhap, MatKhau, VaiTro) VALUES (N'shipper18', N'shipper18', N'123456', N'Shipper');
INSERT INTO TaiKhoan (MaTK, TenDangNhap, MatKhau, VaiTro) VALUES (N'shipper19', N'shipper19', N'123456', N'Shipper');
INSERT INTO TaiKhoan (MaTK, TenDangNhap, MatKhau, VaiTro) VALUES (N'shipper20', N'shipper20', N'123456', N'Shipper');
INSERT INTO TaiKhoan (MaTK, TenDangNhap, MatKhau, VaiTro) VALUES (N'nhahang01', N'nhahang01', N'123456', N'NhaHang');
INSERT INTO TaiKhoan (MaTK, TenDangNhap, MatKhau, VaiTro) VALUES (N'nhahang02', N'nhahang02', N'123456', N'NhaHang');
INSERT INTO TaiKhoan (MaTK, TenDangNhap, MatKhau, VaiTro) VALUES (N'nhahang03', N'nhahang03', N'123456', N'NhaHang');
INSERT INTO TaiKhoan (MaTK, TenDangNhap, MatKhau, VaiTro) VALUES (N'nhahang04', N'nhahang04', N'123456', N'NhaHang');
INSERT INTO TaiKhoan (MaTK, TenDangNhap, MatKhau, VaiTro) VALUES (N'nhahang05', N'nhahang05', N'123456', N'NhaHang');
INSERT INTO TaiKhoan (MaTK, TenDangNhap, MatKhau, VaiTro) VALUES (N'nhahang06', N'nhahang06', N'123456', N'NhaHang');
INSERT INTO TaiKhoan (MaTK, TenDangNhap, MatKhau, VaiTro) VALUES (N'nhahang07', N'nhahang07', N'123456', N'NhaHang');
INSERT INTO TaiKhoan (MaTK, TenDangNhap, MatKhau, VaiTro) VALUES (N'nhahang08', N'nhahang08', N'123456', N'NhaHang');
INSERT INTO TaiKhoan (MaTK, TenDangNhap, MatKhau, VaiTro) VALUES (N'nhahang09', N'nhahang09', N'123456', N'NhaHang');
INSERT INTO TaiKhoan (MaTK, TenDangNhap, MatKhau, VaiTro) VALUES (N'nhahang10', N'nhahang10', N'123456', N'NhaHang');
INSERT INTO TaiKhoan (MaTK, TenDangNhap, MatKhau, VaiTro) VALUES (N'nhahang11', N'nhahang11', N'123456', N'NhaHang');
INSERT INTO TaiKhoan (MaTK, TenDangNhap, MatKhau, VaiTro) VALUES (N'nhahang12', N'nhahang12', N'123456', N'NhaHang');
INSERT INTO TaiKhoan (MaTK, TenDangNhap, MatKhau, VaiTro) VALUES (N'nhahang13', N'nhahang13', N'123456', N'NhaHang');
INSERT INTO TaiKhoan (MaTK, TenDangNhap, MatKhau, VaiTro) VALUES (N'nhahang14', N'nhahang14', N'123456', N'NhaHang');
INSERT INTO TaiKhoan (MaTK, TenDangNhap, MatKhau, VaiTro) VALUES (N'nhahang15', N'nhahang15', N'123456', N'NhaHang');
INSERT INTO TaiKhoan (MaTK, TenDangNhap, MatKhau, VaiTro) VALUES (N'nhahang16', N'nhahang16', N'123456', N'NhaHang');
INSERT INTO TaiKhoan (MaTK, TenDangNhap, MatKhau, VaiTro) VALUES (N'nhahang17', N'nhahang17', N'123456', N'NhaHang');
INSERT INTO TaiKhoan (MaTK, TenDangNhap, MatKhau, VaiTro) VALUES (N'nhahang18', N'nhahang18', N'123456', N'NhaHang');
INSERT INTO TaiKhoan (MaTK, TenDangNhap, MatKhau, VaiTro) VALUES (N'nhahang19', N'nhahang19', N'123456', N'NhaHang');
INSERT INTO TaiKhoan (MaTK, TenDangNhap, MatKhau, VaiTro) VALUES (N'nhahang20', N'nhahang20', N'123456', N'NhaHang');
INSERT INTO TaiKhoan (MaTK, TenDangNhap, MatKhau, VaiTro) VALUES (N'nhahang21', N'nhahang21', N'123456', N'NhaHang');
INSERT INTO TaiKhoan (MaTK, TenDangNhap, MatKhau, VaiTro) VALUES (N'nhahang22', N'nhahang22', N'123456', N'NhaHang');
INSERT INTO TaiKhoan (MaTK, TenDangNhap, MatKhau, VaiTro) VALUES (N'nhahang23', N'nhahang23', N'123456', N'NhaHang');
INSERT INTO TaiKhoan (MaTK, TenDangNhap, MatKhau, VaiTro) VALUES (N'nhahang24', N'nhahang24', N'123456', N'NhaHang');
INSERT INTO TaiKhoan (MaTK, TenDangNhap, MatKhau, VaiTro) VALUES (N'nhahang25', N'nhahang25', N'123456', N'NhaHang');
INSERT INTO TaiKhoan (MaTK, TenDangNhap, MatKhau, VaiTro) VALUES (N'nhahang26', N'nhahang26', N'123456', N'NhaHang');
INSERT INTO TaiKhoan (MaTK, TenDangNhap, MatKhau, VaiTro) VALUES (N'nhahang27', N'nhahang27', N'123456', N'NhaHang');
INSERT INTO TaiKhoan (MaTK, TenDangNhap, MatKhau, VaiTro) VALUES (N'nhahang28', N'nhahang28', N'123456', N'NhaHang');
INSERT INTO TaiKhoan (MaTK, TenDangNhap, MatKhau, VaiTro) VALUES (N'nhahang29', N'nhahang29', N'123456', N'NhaHang');
INSERT INTO TaiKhoan (MaTK, TenDangNhap, MatKhau, VaiTro) VALUES (N'nhahang30', N'nhahang30', N'123456', N'NhaHang');
INSERT INTO TaiKhoan (MaTK, TenDangNhap, MatKhau, VaiTro) VALUES (N'nhahang31', N'nhahang31', N'123456', N'NhaHang');
INSERT INTO TaiKhoan (MaTK, TenDangNhap, MatKhau, VaiTro) VALUES (N'nhahang32', N'nhahang32', N'123456', N'NhaHang');
INSERT INTO TaiKhoan (MaTK, TenDangNhap, MatKhau, VaiTro) VALUES (N'nhahang33', N'nhahang33', N'123456', N'NhaHang');
INSERT INTO TaiKhoan (MaTK, TenDangNhap, MatKhau, VaiTro) VALUES (N'nhahang34', N'nhahang34', N'123456', N'NhaHang');
INSERT INTO TaiKhoan (MaTK, TenDangNhap, MatKhau, VaiTro) VALUES (N'nhahang35', N'nhahang35', N'123456', N'NhaHang');
INSERT INTO TaiKhoan (MaTK, TenDangNhap, MatKhau, VaiTro) VALUES (N'nhahang36', N'nhahang36', N'123456', N'NhaHang');
INSERT INTO TaiKhoan (MaTK, TenDangNhap, MatKhau, VaiTro) VALUES (N'nhahang37', N'nhahang37', N'123456', N'NhaHang');
INSERT INTO TaiKhoan (MaTK, TenDangNhap, MatKhau, VaiTro) VALUES (N'nhahang38', N'nhahang38', N'123456', N'NhaHang');
INSERT INTO TaiKhoan (MaTK, TenDangNhap, MatKhau, VaiTro) VALUES (N'nhahang39', N'nhahang39', N'123456', N'NhaHang');
INSERT INTO TaiKhoan (MaTK, TenDangNhap, MatKhau, VaiTro) VALUES (N'nhahang40', N'nhahang40', N'123456', N'NhaHang');
INSERT INTO TaiKhoan (MaTK, TenDangNhap, MatKhau, VaiTro) VALUES (N'nhahang41', N'nhahang41', N'123456', N'NhaHang');
INSERT INTO TaiKhoan (MaTK, TenDangNhap, MatKhau, VaiTro) VALUES (N'nhahang42', N'nhahang42', N'123456', N'NhaHang');
INSERT INTO TaiKhoan (MaTK, TenDangNhap, MatKhau, VaiTro) VALUES (N'nhahang43', N'nhahang43', N'123456', N'NhaHang');
INSERT INTO TaiKhoan (MaTK, TenDangNhap, MatKhau, VaiTro) VALUES (N'nhahang44', N'nhahang44', N'123456', N'NhaHang');
INSERT INTO TaiKhoan (MaTK, TenDangNhap, MatKhau, VaiTro) VALUES (N'nhahang45', N'nhahang45', N'123456', N'NhaHang');
INSERT INTO TaiKhoan (MaTK, TenDangNhap, MatKhau, VaiTro) VALUES (N'nhahang46', N'nhahang46', N'123456', N'NhaHang');
INSERT INTO TaiKhoan (MaTK, TenDangNhap, MatKhau, VaiTro) VALUES (N'nhahang47', N'nhahang47', N'123456', N'NhaHang');
INSERT INTO TaiKhoan (MaTK, TenDangNhap, MatKhau, VaiTro) VALUES (N'nhahang48', N'nhahang48', N'123456', N'NhaHang');
INSERT INTO TaiKhoan (MaTK, TenDangNhap, MatKhau, VaiTro) VALUES (N'nhahang49', N'nhahang49', N'123456', N'NhaHang');
INSERT INTO TaiKhoan (MaTK, TenDangNhap, MatKhau, VaiTro) VALUES (N'nhahang50', N'nhahang50', N'123456', N'NhaHang');
GO
-- Khach hang mau
INSERT INTO KhachHang (MaKH, TenKH, SDT, DiaChi, MaTK) VALUES (N'KH001', N'Khach Hang 1', N'09082001', N'11 Duong Test, Quan 1, TP.HCM', N'khach01');
INSERT INTO KhachHang (MaKH, TenKH, SDT, DiaChi, MaTK) VALUES (N'KH002', N'Khach Hang 2', N'09082002', N'12 Duong Test, Quan 1, TP.HCM', N'khach02');
INSERT INTO KhachHang (MaKH, TenKH, SDT, DiaChi, MaTK) VALUES (N'KH003', N'Khach Hang 3', N'09082003', N'13 Duong Test, Quan 1, TP.HCM', N'khach03');
INSERT INTO KhachHang (MaKH, TenKH, SDT, DiaChi, MaTK) VALUES (N'KH004', N'Khach Hang 4', N'09082004', N'14 Duong Test, Quan 1, TP.HCM', N'khach04');
INSERT INTO KhachHang (MaKH, TenKH, SDT, DiaChi, MaTK) VALUES (N'KH005', N'Khach Hang 5', N'09082005', N'15 Duong Test, Quan 1, TP.HCM', N'khach05');
INSERT INTO KhachHang (MaKH, TenKH, SDT, DiaChi, MaTK) VALUES (N'KH006', N'Khach Hang 6', N'09082006', N'16 Duong Test, Quan 1, TP.HCM', N'khach06');
INSERT INTO KhachHang (MaKH, TenKH, SDT, DiaChi, MaTK) VALUES (N'KH007', N'Khach Hang 7', N'09082007', N'17 Duong Test, Quan 1, TP.HCM', N'khach07');
INSERT INTO KhachHang (MaKH, TenKH, SDT, DiaChi, MaTK) VALUES (N'KH008', N'Khach Hang 8', N'09082008', N'18 Duong Test, Quan 1, TP.HCM', N'khach08');
INSERT INTO KhachHang (MaKH, TenKH, SDT, DiaChi, MaTK) VALUES (N'KH009', N'Khach Hang 9', N'09082009', N'19 Duong Test, Quan 1, TP.HCM', N'khach09');
INSERT INTO KhachHang (MaKH, TenKH, SDT, DiaChi, MaTK) VALUES (N'KH010', N'Khach Hang 10', N'09082010', N'20 Duong Test, Quan 1, TP.HCM', N'khach10');
GO
-- Shipper mau
INSERT INTO Shipper (MaShipper, TenShipper, SDT, BienSoXe, MaTK) VALUES (N'SP001', N'Shipper 1', N'09173001', N'79A-101', N'shipper01');
INSERT INTO Shipper (MaShipper, TenShipper, SDT, BienSoXe, MaTK) VALUES (N'SP002', N'Shipper 2', N'09173002', N'79A-102', N'shipper02');
INSERT INTO Shipper (MaShipper, TenShipper, SDT, BienSoXe, MaTK) VALUES (N'SP003', N'Shipper 3', N'09173003', N'79A-103', N'shipper03');
INSERT INTO Shipper (MaShipper, TenShipper, SDT, BienSoXe, MaTK) VALUES (N'SP004', N'Shipper 4', N'09173004', N'79A-104', N'shipper04');
INSERT INTO Shipper (MaShipper, TenShipper, SDT, BienSoXe, MaTK) VALUES (N'SP005', N'Shipper 5', N'09173005', N'79A-105', N'shipper05');
INSERT INTO Shipper (MaShipper, TenShipper, SDT, BienSoXe, MaTK) VALUES (N'SP006', N'Shipper 6', N'09173006', N'79A-106', N'shipper06');
INSERT INTO Shipper (MaShipper, TenShipper, SDT, BienSoXe, MaTK) VALUES (N'SP007', N'Shipper 7', N'09173007', N'79A-107', N'shipper07');
INSERT INTO Shipper (MaShipper, TenShipper, SDT, BienSoXe, MaTK) VALUES (N'SP008', N'Shipper 8', N'09173008', N'79A-108', N'shipper08');
INSERT INTO Shipper (MaShipper, TenShipper, SDT, BienSoXe, MaTK) VALUES (N'SP009', N'Shipper 9', N'09173009', N'79A-109', N'shipper09');
INSERT INTO Shipper (MaShipper, TenShipper, SDT, BienSoXe, MaTK) VALUES (N'SP010', N'Shipper 10', N'09173010', N'79A-110', N'shipper10');
INSERT INTO Shipper (MaShipper, TenShipper, SDT, BienSoXe, MaTK) VALUES (N'SP011', N'Shipper 11', N'09173011', N'79A-111', N'shipper11');
INSERT INTO Shipper (MaShipper, TenShipper, SDT, BienSoXe, MaTK) VALUES (N'SP012', N'Shipper 12', N'09173012', N'79A-112', N'shipper12');
INSERT INTO Shipper (MaShipper, TenShipper, SDT, BienSoXe, MaTK) VALUES (N'SP013', N'Shipper 13', N'09173013', N'79A-113', N'shipper13');
INSERT INTO Shipper (MaShipper, TenShipper, SDT, BienSoXe, MaTK) VALUES (N'SP014', N'Shipper 14', N'09173014', N'79A-114', N'shipper14');
INSERT INTO Shipper (MaShipper, TenShipper, SDT, BienSoXe, MaTK) VALUES (N'SP015', N'Shipper 15', N'09173015', N'79A-115', N'shipper15');
INSERT INTO Shipper (MaShipper, TenShipper, SDT, BienSoXe, MaTK) VALUES (N'SP016', N'Shipper 16', N'09173016', N'79A-116', N'shipper16');
INSERT INTO Shipper (MaShipper, TenShipper, SDT, BienSoXe, MaTK) VALUES (N'SP017', N'Shipper 17', N'09173017', N'79A-117', N'shipper17');
INSERT INTO Shipper (MaShipper, TenShipper, SDT, BienSoXe, MaTK) VALUES (N'SP018', N'Shipper 18', N'09173018', N'79A-118', N'shipper18');
INSERT INTO Shipper (MaShipper, TenShipper, SDT, BienSoXe, MaTK) VALUES (N'SP019', N'Shipper 19', N'09173019', N'79A-119', N'shipper19');
INSERT INTO Shipper (MaShipper, TenShipper, SDT, BienSoXe, MaTK) VALUES (N'SP020', N'Shipper 20', N'09173020', N'79A-120', N'shipper20');
GO
-- Nha hang va mon an
INSERT INTO NhaHang (MaNH, TenNH, DiaChi, SDT, MaTK) VALUES (N'NH001', N'Com Tam Cali', N'123 Le Van Sy, Quan 3, TP.HCM', N'0901000001', N'nhahang01');
INSERT INTO MonAn (MaMon, MaNH, TenMon, MaLoai, Gia, MoTa) VALUES (N'MA00101', N'NH001', N'Pho bo tai', N'Pho', 117196, N'Món Pho bo tai tại Com Tam Cali');
INSERT INTO MonAn (MaMon, MaNH, TenMon, MaLoai, Gia, MoTa) VALUES (N'MA00102', N'NH001', N'Lau thai', N'Lau', 49256, N'Món Lau thai tại Com Tam Cali');
INSERT INTO MonAn (MaMon, MaNH, TenMon, MaLoai, Gia, MoTa) VALUES (N'MA00103', N'NH001', N'Bun bo nam bo', N'Bun', 33434, N'Món Bun bo nam bo tại Com Tam Cali');
INSERT INTO MonAn (MaMon, MaNH, TenMon, MaLoai, Gia, MoTa) VALUES (N'MA00104', N'NH001', N'Steak bo ribeye', N'Steak', 97397, N'Món Steak bo ribeye tại Com Tam Cali');
INSERT INTO MonAn (MaMon, MaNH, TenMon, MaLoai, Gia, MoTa) VALUES (N'MA00105', N'NH001', N'Pizza hai san', N'Pizza', 23905, N'Món Pizza hai san tại Com Tam Cali');
INSERT INTO MonAn (MaMon, MaNH, TenMon, MaLoai, Gia, MoTa) VALUES (N'MA00106', N'NH001', N'Pho ga', N'Pho', 50495, N'Món Pho ga tại Com Tam Cali');
INSERT INTO MonAn (MaMon, MaNH, TenMon, MaLoai, Gia, MoTa) VALUES (N'MA00107', N'NH001', N'Oc xao me', N'AnVat', 23478, N'Món Oc xao me tại Com Tam Cali');
INSERT INTO MonAn (MaMon, MaNH, TenMon, MaLoai, Gia, MoTa) VALUES (N'MA00108', N'NH001', N'Khoai tay chien', N'AnVat', 113850, N'Món Khoai tay chien tại Com Tam Cali');
INSERT INTO MonAn (MaMon, MaNH, TenMon, MaLoai, Gia, MoTa) VALUES (N'MA00109', N'NH001', N'Beef tenderloin', N'Steak', 48893, N'Món Beef tenderloin tại Com Tam Cali');
INSERT INTO MonAn (MaMon, MaNH, TenMon, MaLoai, Gia, MoTa) VALUES (N'MA00110', N'NH001', N'Mi tom chua cay', N'Mi', 126093, N'Món Mi tom chua cay tại Com Tam Cali');
INSERT INTO MonAn (MaMon, MaNH, TenMon, MaLoai, Gia, MoTa) VALUES (N'MA00111', N'NH001', N'Com rang dua', N'Com', 111506, N'Món Com rang dua tại Com Tam Cali');
INSERT INTO MonAn (MaMon, MaNH, TenMon, MaLoai, Gia, MoTa) VALUES (N'MA00112', N'NH001', N'Pizza thap cam', N'Pizza', 56421, N'Món Pizza thap cam tại Com Tam Cali');
INSERT INTO MonAn (MaMon, MaNH, TenMon, MaLoai, Gia, MoTa) VALUES (N'MA00113', N'NH001', N'Bun cha', N'Bun', 145463, N'Món Bun cha tại Com Tam Cali');
INSERT INTO MonAn (MaMon, MaNH, TenMon, MaLoai, Gia, MoTa) VALUES (N'MA00114', N'NH001', N'Sushi ca hoi', N'Sushi', 32156, N'Món Sushi ca hoi tại Com Tam Cali');
INSERT INTO MonAn (MaMon, MaNH, TenMon, MaLoai, Gia, MoTa) VALUES (N'MA00115', N'NH001', N'Pizza hai san 1', N'Pizza', 67052, N'Món Pizza hai san 1 tại Com Tam Cali');
INSERT INTO MonAn (MaMon, MaNH, TenMon, MaLoai, Gia, MoTa) VALUES (N'MA00116', N'NH001', N'Dragon roll', N'Sushi', 54671, N'Món Dragon roll tại Com Tam Cali');
INSERT INTO MonAn (MaMon, MaNH, TenMon, MaLoai, Gia, MoTa) VALUES (N'MA00117', N'NH001', N'Com ga hai nam', N'Com', 90284, N'Món Com ga hai nam tại Com Tam Cali');
INSERT INTO MonAn (MaMon, MaNH, TenMon, MaLoai, Gia, MoTa) VALUES (N'MA00118', N'NH001', N'Pho chin', N'Pho', 30328, N'Món Pho chin tại Com Tam Cali');
INSERT INTO MonAn (MaMon, MaNH, TenMon, MaLoai, Gia, MoTa) VALUES (N'MA00119', N'NH001', N'Nem chua ran', N'AnVat', 128711, N'Món Nem chua ran tại Com Tam Cali');
INSERT INTO MonAn (MaMon, MaNH, TenMon, MaLoai, Gia, MoTa) VALUES (N'MA00120', N'NH001', N'Steak ga', N'Steak', 95674, N'Món Steak ga tại Com Tam Cali');
INSERT INTO MonAn (MaMon, MaNH, TenMon, MaLoai, Gia, MoTa) VALUES (N'MA00121', N'NH001', N'Tra sua hongkong', N'Trasua', 29116, N'Món Tra sua hongkong tại Com Tam Cali');
INSERT INTO MonAn (MaMon, MaNH, TenMon, MaLoai, Gia, MoTa) VALUES (N'MA00122', N'NH001', N'Com suon nuong', N'Com', 121327, N'Món Com suon nuong tại Com Tam Cali');
INSERT INTO MonAn (MaMon, MaNH, TenMon, MaLoai, Gia, MoTa) VALUES (N'MA00123', N'NH001', N'Lau hai san', N'Lau', 132108, N'Món Lau hai san tại Com Tam Cali');
INSERT INTO MonAn (MaMon, MaNH, TenMon, MaLoai, Gia, MoTa) VALUES (N'MA00124', N'NH001', N'Tra sua tran chau duong den', N'Trasua', 69823, N'Món Tra sua tran chau duong den tại Com Tam Cali');
INSERT INTO MonAn (MaMon, MaNH, TenMon, MaLoai, Gia, MoTa) VALUES (N'MA00125', N'NH001', N'Lau nam chay', N'Lau', 103320, N'Món Lau nam chay tại Com Tam Cali');
INSERT INTO NhaHang (MaNH, TenNH, DiaChi, SDT, MaTK) VALUES (N'NH002', N'Pho Thin Sai Gon', N'45 Nguyen Trai, Quan 5, TP.HCM', N'0902000002', N'nhahang02');
INSERT INTO MonAn (MaMon, MaNH, TenMon, MaLoai, Gia, MoTa) VALUES (N'MA00201', N'NH002', N'Bun thit nuong', N'Bun', 66566, N'Món Bun thit nuong tại Pho Thin Sai Gon');
INSERT INTO MonAn (MaMon, MaNH, TenMon, MaLoai, Gia, MoTa) VALUES (N'MA00202', N'NH002', N'Tra sua hongkong', N'Trasua', 54993, N'Món Tra sua hongkong tại Pho Thin Sai Gon');
INSERT INTO MonAn (MaMon, MaNH, TenMon, MaLoai, Gia, MoTa) VALUES (N'MA00203', N'NH002', N'Lau nam chay', N'Chay', 99840, N'Món Lau nam chay tại Pho Thin Sai Gon');
INSERT INTO MonAn (MaMon, MaNH, TenMon, MaLoai, Gia, MoTa) VALUES (N'MA00204', N'NH002', N'Steak bo wagyu', N'Steak', 90010, N'Món Steak bo wagyu tại Pho Thin Sai Gon');
INSERT INTO MonAn (MaMon, MaNH, TenMon, MaLoai, Gia, MoTa) VALUES (N'MA00205', N'NH002', N'Com chay dua', N'Chay', 41417, N'Món Com chay dua tại Pho Thin Sai Gon');
INSERT INTO MonAn (MaMon, MaNH, TenMon, MaLoai, Gia, MoTa) VALUES (N'MA00206', N'NH002', N'Mi Quang', N'Mi', 55382, N'Món Mi Quang tại Pho Thin Sai Gon');
INSERT INTO MonAn (MaMon, MaNH, TenMon, MaLoai, Gia, MoTa) VALUES (N'MA00207', N'NH002', N'Steak bo wagyu 1', N'Steak', 109733, N'Món Steak bo wagyu 1 tại Pho Thin Sai Gon');
INSERT INTO MonAn (MaMon, MaNH, TenMon, MaLoai, Gia, MoTa) VALUES (N'MA00208', N'NH002', N'Sushi ca hoi', N'Sushi', 50021, N'Món Sushi ca hoi tại Pho Thin Sai Gon');
INSERT INTO MonAn (MaMon, MaNH, TenMon, MaLoai, Gia, MoTa) VALUES (N'MA00209', N'NH002', N'Com chay', N'Com', 72581, N'Món Com chay tại Pho Thin Sai Gon');
INSERT INTO MonAn (MaMon, MaNH, TenMon, MaLoai, Gia, MoTa) VALUES (N'MA00210', N'NH002', N'Lau hai san', N'Lau', 47653, N'Món Lau hai san tại Pho Thin Sai Gon');
INSERT INTO MonAn (MaMon, MaNH, TenMon, MaLoai, Gia, MoTa) VALUES (N'MA00211', N'NH002', N'Ca nuong giay bac', N'Haisan', 47869, N'Món Ca nuong giay bac tại Pho Thin Sai Gon');
INSERT INTO MonAn (MaMon, MaNH, TenMon, MaLoai, Gia, MoTa) VALUES (N'MA00212', N'NH002', N'Beef tenderloin', N'Steak', 71856, N'Món Beef tenderloin tại Pho Thin Sai Gon');
INSERT INTO MonAn (MaMon, MaNH, TenMon, MaLoai, Gia, MoTa) VALUES (N'MA00213', N'NH002', N'Beef tenderloin 1', N'Steak', 38726, N'Món Beef tenderloin 1 tại Pho Thin Sai Gon');
INSERT INTO MonAn (MaMon, MaNH, TenMon, MaLoai, Gia, MoTa) VALUES (N'MA00214', N'NH002', N'Lau thai', N'Lau', 52325, N'Món Lau thai tại Pho Thin Sai Gon');
INSERT INTO MonAn (MaMon, MaNH, TenMon, MaLoai, Gia, MoTa) VALUES (N'MA00215', N'NH002', N'Goi cuon chay', N'Chay', 117912, N'Món Goi cuon chay tại Pho Thin Sai Gon');
INSERT INTO MonAn (MaMon, MaNH, TenMon, MaLoai, Gia, MoTa) VALUES (N'MA00216', N'NH002', N'Ghe hap bia', N'Haisan', 137679, N'Món Ghe hap bia tại Pho Thin Sai Gon');
INSERT INTO MonAn (MaMon, MaNH, TenMon, MaLoai, Gia, MoTa) VALUES (N'MA00217', N'NH002', N'Ghe hap bia 1', N'Haisan', 67447, N'Món Ghe hap bia 1 tại Pho Thin Sai Gon');
INSERT INTO MonAn (MaMon, MaNH, TenMon, MaLoai, Gia, MoTa) VALUES (N'MA00218', N'NH002', N'Tra sua tran chau hoang kim', N'Trasua', 86784, N'Món Tra sua tran chau hoang kim tại Pho Thin Sai Gon');
INSERT INTO MonAn (MaMon, MaNH, TenMon, MaLoai, Gia, MoTa) VALUES (N'MA00219', N'NH002', N'Mi xao bo', N'Mi', 119061, N'Món Mi xao bo tại Pho Thin Sai Gon');
INSERT INTO MonAn (MaMon, MaNH, TenMon, MaLoai, Gia, MoTa) VALUES (N'MA00220', N'NH002', N'Com ga xoi mo', N'Com', 40033, N'Món Com ga xoi mo tại Pho Thin Sai Gon');
INSERT INTO NhaHang (MaNH, TenNH, DiaChi, SDT, MaTK) VALUES (N'NH003', N'Bun Cha Ha Noi 26', N'12 Nguyen Thi Minh Khai, Quan 1, TP.HCM', N'0903000003', N'nhahang03');
INSERT INTO MonAn (MaMon, MaNH, TenMon, MaLoai, Gia, MoTa) VALUES (N'MA00301', N'NH003', N'Bun bo nam bo', N'Bun', 75333, N'Món Bun bo nam bo tại Bun Cha Ha Noi 26');
INSERT INTO MonAn (MaMon, MaNH, TenMon, MaLoai, Gia, MoTa) VALUES (N'MA00302', N'NH003', N'Tom nuong muoi ot', N'Haisan', 70432, N'Món Tom nuong muoi ot tại Bun Cha Ha Noi 26');
INSERT INTO MonAn (MaMon, MaNH, TenMon, MaLoai, Gia, MoTa) VALUES (N'MA00303', N'NH003', N'Pizza vegetarian', N'Pizza', 89352, N'Món Pizza vegetarian tại Bun Cha Ha Noi 26');
INSERT INTO MonAn (MaMon, MaNH, TenMon, MaLoai, Gia, MoTa) VALUES (N'MA00304', N'NH003', N'Lau bo tom', N'Lau', 132824, N'Món Lau bo tom tại Bun Cha Ha Noi 26');
INSERT INTO MonAn (MaMon, MaNH, TenMon, MaLoai, Gia, MoTa) VALUES (N'MA00305', N'NH003', N'Com ga xoi mo', N'Com', 109353, N'Món Com ga xoi mo tại Bun Cha Ha Noi 26');
INSERT INTO MonAn (MaMon, MaNH, TenMon, MaLoai, Gia, MoTa) VALUES (N'MA00306', N'NH003', N'Nem chua ran', N'AnVat', 120741, N'Món Nem chua ran tại Bun Cha Ha Noi 26');
INSERT INTO MonAn (MaMon, MaNH, TenMon, MaLoai, Gia, MoTa) VALUES (N'MA00307', N'NH003', N'Steak ga', N'Steak', 34621, N'Món Steak ga tại Bun Cha Ha Noi 26');
INSERT INTO MonAn (MaMon, MaNH, TenMon, MaLoai, Gia, MoTa) VALUES (N'MA00308', N'NH003', N'Lau nam chay', N'Lau', 40730, N'Món Lau nam chay tại Bun Cha Ha Noi 26');
INSERT INTO MonAn (MaMon, MaNH, TenMon, MaLoai, Gia, MoTa) VALUES (N'MA00309', N'NH003', N'Mi xao bo', N'Mi', 145018, N'Món Mi xao bo tại Bun Cha Ha Noi 26');
INSERT INTO MonAn (MaMon, MaNH, TenMon, MaLoai, Gia, MoTa) VALUES (N'MA00310', N'NH003', N'Goi cuon chay', N'Chay', 147387, N'Món Goi cuon chay tại Bun Cha Ha Noi 26');
INSERT INTO MonAn (MaMon, MaNH, TenMon, MaLoai, Gia, MoTa) VALUES (N'MA00311', N'NH003', N'Khoai tay chien', N'AnVat', 86542, N'Món Khoai tay chien tại Bun Cha Ha Noi 26');
INSERT INTO MonAn (MaMon, MaNH, TenMon, MaLoai, Gia, MoTa) VALUES (N'MA00312', N'NH003', N'Pho dac biet', N'Pho', 130319, N'Món Pho dac biet tại Bun Cha Ha Noi 26');
INSERT INTO MonAn (MaMon, MaNH, TenMon, MaLoai, Gia, MoTa) VALUES (N'MA00313', N'NH003', N'Steak bo wagyu', N'Steak', 40032, N'Món Steak bo wagyu tại Bun Cha Ha Noi 26');
INSERT INTO MonAn (MaMon, MaNH, TenMon, MaLoai, Gia, MoTa) VALUES (N'MA00314', N'NH003', N'Salmon nigiri', N'Sushi', 90697, N'Món Salmon nigiri tại Bun Cha Ha Noi 26');
INSERT INTO MonAn (MaMon, MaNH, TenMon, MaLoai, Gia, MoTa) VALUES (N'MA00315', N'NH003', N'Banh trang tron', N'AnVat', 98504, N'Món Banh trang tron tại Bun Cha Ha Noi 26');
INSERT INTO MonAn (MaMon, MaNH, TenMon, MaLoai, Gia, MoTa) VALUES (N'MA00316', N'NH003', N'California roll', N'Sushi', 22552, N'Món California roll tại Bun Cha Ha Noi 26');
INSERT INTO MonAn (MaMon, MaNH, TenMon, MaLoai, Gia, MoTa) VALUES (N'MA00317', N'NH003', N'Pho dac biet 1', N'Pho', 135175, N'Món Pho dac biet 1 tại Bun Cha Ha Noi 26');
INSERT INTO MonAn (MaMon, MaNH, TenMon, MaLoai, Gia, MoTa) VALUES (N'MA00318', N'NH003', N'Lau thai', N'Lau', 27592, N'Món Lau thai tại Bun Cha Ha Noi 26');
INSERT INTO MonAn (MaMon, MaNH, TenMon, MaLoai, Gia, MoTa) VALUES (N'MA00319', N'NH003', N'Tra sua socola', N'Trasua', 144118, N'Món Tra sua socola tại Bun Cha Ha Noi 26');
INSERT INTO MonAn (MaMon, MaNH, TenMon, MaLoai, Gia, MoTa) VALUES (N'MA00320', N'NH003', N'Pho bo tai', N'Pho', 115932, N'Món Pho bo tai tại Bun Cha Ha Noi 26');
INSERT INTO MonAn (MaMon, MaNH, TenMon, MaLoai, Gia, MoTa) VALUES (N'MA00321', N'NH003', N'Mi xao bo 1', N'Mi', 148186, N'Món Mi xao bo 1 tại Bun Cha Ha Noi 26');
INSERT INTO MonAn (MaMon, MaNH, TenMon, MaLoai, Gia, MoTa) VALUES (N'MA00322', N'NH003', N'Khoai tay chien 1', N'AnVat', 36828, N'Món Khoai tay chien 1 tại Bun Cha Ha Noi 26');
INSERT INTO MonAn (MaMon, MaNH, TenMon, MaLoai, Gia, MoTa) VALUES (N'MA00323', N'NH003', N'Beef tenderloin', N'Steak', 144105, N'Món Beef tenderloin tại Bun Cha Ha Noi 26');
INSERT INTO MonAn (MaMon, MaNH, TenMon, MaLoai, Gia, MoTa) VALUES (N'MA00324', N'NH003', N'Khoai tay chien 2', N'AnVat', 54741, N'Món Khoai tay chien 2 tại Bun Cha Ha Noi 26');
INSERT INTO MonAn (MaMon, MaNH, TenMon, MaLoai, Gia, MoTa) VALUES (N'MA00325', N'NH003', N'Oc xao me', N'AnVat', 75461, N'Món Oc xao me tại Bun Cha Ha Noi 26');
INSERT INTO NhaHang (MaNH, TenNH, DiaChi, SDT, MaTK) VALUES (N'NH004', N'Pizza 4Ps Nguyen Hue', N'8 Le Thanh Ton, Quan 1, TP.HCM', N'0904000004', N'nhahang04');
INSERT INTO MonAn (MaMon, MaNH, TenMon, MaLoai, Gia, MoTa) VALUES (N'MA00401', N'NH004', N'Khoai tay chien', N'AnVat', 113447, N'Món Khoai tay chien tại Pizza 4Ps Nguyen Hue');
INSERT INTO MonAn (MaMon, MaNH, TenMon, MaLoai, Gia, MoTa) VALUES (N'MA00402', N'NH004', N'Lau nam chay', N'Lau', 108039, N'Món Lau nam chay tại Pizza 4Ps Nguyen Hue');
INSERT INTO MonAn (MaMon, MaNH, TenMon, MaLoai, Gia, MoTa) VALUES (N'MA00403', N'NH004', N'Steak ga', N'Steak', 77422, N'Món Steak ga tại Pizza 4Ps Nguyen Hue');
INSERT INTO MonAn (MaMon, MaNH, TenMon, MaLoai, Gia, MoTa) VALUES (N'MA00404', N'NH004', N'Banh mi kep', N'AnVat', 35860, N'Món Banh mi kep tại Pizza 4Ps Nguyen Hue');
INSERT INTO MonAn (MaMon, MaNH, TenMon, MaLoai, Gia, MoTa) VALUES (N'MA00405', N'NH004', N'Tra sua tran chau hoang kim', N'Trasua', 28392, N'Món Tra sua tran chau hoang kim tại Pizza 4Ps Nguyen Hue');
INSERT INTO MonAn (MaMon, MaNH, TenMon, MaLoai, Gia, MoTa) VALUES (N'MA00406', N'NH004', N'Sushi ca hoi', N'Sushi', 97110, N'Món Sushi ca hoi tại Pizza 4Ps Nguyen Hue');
INSERT INTO MonAn (MaMon, MaNH, TenMon, MaLoai, Gia, MoTa) VALUES (N'MA00407', N'NH004', N'Khoai tay chien 1', N'AnVat', 97128, N'Món Khoai tay chien 1 tại Pizza 4Ps Nguyen Hue');
INSERT INTO MonAn (MaMon, MaNH, TenMon, MaLoai, Gia, MoTa) VALUES (N'MA00408', N'NH004', N'Tra sua tran chau duong den', N'Trasua', 29305, N'Món Tra sua tran chau duong den tại Pizza 4Ps Nguyen Hue');
INSERT INTO MonAn (MaMon, MaNH, TenMon, MaLoai, Gia, MoTa) VALUES (N'MA00409', N'NH004', N'Lau nam chay 1', N'Chay', 50007, N'Món Lau nam chay 1 tại Pizza 4Ps Nguyen Hue');
INSERT INTO MonAn (MaMon, MaNH, TenMon, MaLoai, Gia, MoTa) VALUES (N'MA00410', N'NH004', N'Pho bo tai', N'Pho', 132674, N'Món Pho bo tai tại Pizza 4Ps Nguyen Hue');
INSERT INTO MonAn (MaMon, MaNH, TenMon, MaLoai, Gia, MoTa) VALUES (N'MA00411', N'NH004', N'Sushi ca hoi 1', N'Sushi', 87391, N'Món Sushi ca hoi 1 tại Pizza 4Ps Nguyen Hue');
INSERT INTO MonAn (MaMon, MaNH, TenMon, MaLoai, Gia, MoTa) VALUES (N'MA00412', N'NH004', N'Tra sua matcha', N'Trasua', 107684, N'Món Tra sua matcha tại Pizza 4Ps Nguyen Hue');
INSERT INTO MonAn (MaMon, MaNH, TenMon, MaLoai, Gia, MoTa) VALUES (N'MA00413', N'NH004', N'Mi hoanh thanh', N'Mi', 90678, N'Món Mi hoanh thanh tại Pizza 4Ps Nguyen Hue');
INSERT INTO MonAn (MaMon, MaNH, TenMon, MaLoai, Gia, MoTa) VALUES (N'MA00414', N'NH004', N'Bun bo nam bo', N'Bun', 142619, N'Món Bun bo nam bo tại Pizza 4Ps Nguyen Hue');
INSERT INTO MonAn (MaMon, MaNH, TenMon, MaLoai, Gia, MoTa) VALUES (N'MA00415', N'NH004', N'Hau nuong', N'Haisan', 81953, N'Món Hau nuong tại Pizza 4Ps Nguyen Hue');
INSERT INTO MonAn (MaMon, MaNH, TenMon, MaLoai, Gia, MoTa) VALUES (N'MA00416', N'NH004', N'Tra sua oolong', N'Trasua', 125840, N'Món Tra sua oolong tại Pizza 4Ps Nguyen Hue');
INSERT INTO MonAn (MaMon, MaNH, TenMon, MaLoai, Gia, MoTa) VALUES (N'MA00417', N'NH004', N'Pizza pepperoni', N'Pizza', 32363, N'Món Pizza pepperoni tại Pizza 4Ps Nguyen Hue');
INSERT INTO MonAn (MaMon, MaNH, TenMon, MaLoai, Gia, MoTa) VALUES (N'MA00418', N'NH004', N'Pho chin', N'Pho', 66438, N'Món Pho chin tại Pizza 4Ps Nguyen Hue');
INSERT INTO NhaHang (MaNH, TenNH, DiaChi, SDT, MaTK) VALUES (N'NH005', N'Lau Thai TomYum 99', N'67 Nguyen Tri Phuong, Quan 10, TP.HCM', N'0905000005', N'nhahang05');
INSERT INTO MonAn (MaMon, MaNH, TenMon, MaLoai, Gia, MoTa) VALUES (N'MA00501', N'NH005', N'Pizza vegetarian', N'Pizza', 133224, N'Món Pizza vegetarian tại Lau Thai TomYum 99');
INSERT INTO MonAn (MaMon, MaNH, TenMon, MaLoai, Gia, MoTa) VALUES (N'MA00502', N'NH005', N'Lau nam chay', N'Chay', 108259, N'Món Lau nam chay tại Lau Thai TomYum 99');
INSERT INTO MonAn (MaMon, MaNH, TenMon, MaLoai, Gia, MoTa) VALUES (N'MA00503', N'NH005', N'Steak bo ribeye', N'Steak', 27944, N'Món Steak bo ribeye tại Lau Thai TomYum 99');
INSERT INTO MonAn (MaMon, MaNH, TenMon, MaLoai, Gia, MoTa) VALUES (N'MA00504', N'NH005', N'Pizza thap cam', N'Pizza', 124935, N'Món Pizza thap cam tại Lau Thai TomYum 99');
INSERT INTO MonAn (MaMon, MaNH, TenMon, MaLoai, Gia, MoTa) VALUES (N'MA00505', N'NH005', N'Pho ga', N'Pho', 45112, N'Món Pho ga tại Lau Thai TomYum 99');
INSERT INTO MonAn (MaMon, MaNH, TenMon, MaLoai, Gia, MoTa) VALUES (N'MA00506', N'NH005', N'Tra sua socola', N'Trasua', 78800, N'Món Tra sua socola tại Lau Thai TomYum 99');
INSERT INTO MonAn (MaMon, MaNH, TenMon, MaLoai, Gia, MoTa) VALUES (N'MA00507', N'NH005', N'Bun rieu cua', N'Bun', 44050, N'Món Bun rieu cua tại Lau Thai TomYum 99');
INSERT INTO MonAn (MaMon, MaNH, TenMon, MaLoai, Gia, MoTa) VALUES (N'MA00508', N'NH005', N'Lau nam chay 1', N'Lau', 52742, N'Món Lau nam chay 1 tại Lau Thai TomYum 99');
INSERT INTO MonAn (MaMon, MaNH, TenMon, MaLoai, Gia, MoTa) VALUES (N'MA00509', N'NH005', N'Pho chin', N'Pho', 125909, N'Món Pho chin tại Lau Thai TomYum 99');
INSERT INTO MonAn (MaMon, MaNH, TenMon, MaLoai, Gia, MoTa) VALUES (N'MA00510', N'NH005', N'Banh trang tron', N'AnVat', 26630, N'Món Banh trang tron tại Lau Thai TomYum 99');
INSERT INTO MonAn (MaMon, MaNH, TenMon, MaLoai, Gia, MoTa) VALUES (N'MA00511', N'NH005', N'Steak bo ribeye 1', N'Steak', 147008, N'Món Steak bo ribeye 1 tại Lau Thai TomYum 99');
INSERT INTO MonAn (MaMon, MaNH, TenMon, MaLoai, Gia, MoTa) VALUES (N'MA00512', N'NH005', N'Pho ga 1', N'Pho', 41798, N'Món Pho ga 1 tại Lau Thai TomYum 99');
INSERT INTO MonAn (MaMon, MaNH, TenMon, MaLoai, Gia, MoTa) VALUES (N'MA00513', N'NH005', N'Pizza vegetarian 1', N'Pizza', 83092, N'Món Pizza vegetarian 1 tại Lau Thai TomYum 99');
INSERT INTO MonAn (MaMon, MaNH, TenMon, MaLoai, Gia, MoTa) VALUES (N'MA00514', N'NH005', N'Tra sua oolong', N'Trasua', 138284, N'Món Tra sua oolong tại Lau Thai TomYum 99');
INSERT INTO MonAn (MaMon, MaNH, TenMon, MaLoai, Gia, MoTa) VALUES (N'MA00515', N'NH005', N'Com rang dua', N'Com', 69672, N'Món Com rang dua tại Lau Thai TomYum 99');
INSERT INTO MonAn (MaMon, MaNH, TenMon, MaLoai, Gia, MoTa) VALUES (N'MA00516', N'NH005', N'Com rang hai san', N'Com', 54760, N'Món Com rang hai san tại Lau Thai TomYum 99');
INSERT INTO MonAn (MaMon, MaNH, TenMon, MaLoai, Gia, MoTa) VALUES (N'MA00517', N'NH005', N'Mi tom chua cay', N'Mi', 75444, N'Món Mi tom chua cay tại Lau Thai TomYum 99');
INSERT INTO MonAn (MaMon, MaNH, TenMon, MaLoai, Gia, MoTa) VALUES (N'MA00518', N'NH005', N'Bun chay Huong Sen', N'Chay', 40289, N'Món Bun chay Huong Sen tại Lau Thai TomYum 99');
INSERT INTO MonAn (MaMon, MaNH, TenMon, MaLoai, Gia, MoTa) VALUES (N'MA00519', N'NH005', N'Tra sua matcha', N'Trasua', 48534, N'Món Tra sua matcha tại Lau Thai TomYum 99');
INSERT INTO MonAn (MaMon, MaNH, TenMon, MaLoai, Gia, MoTa) VALUES (N'MA00520', N'NH005', N'Com suon ram', N'Com', 116434, N'Món Com suon ram tại Lau Thai TomYum 99');
INSERT INTO MonAn (MaMon, MaNH, TenMon, MaLoai, Gia, MoTa) VALUES (N'MA00521', N'NH005', N'Banh trang tron 1', N'AnVat', 118038, N'Món Banh trang tron 1 tại Lau Thai TomYum 99');
INSERT INTO NhaHang (MaNH, TenNH, DiaChi, SDT, MaTK) VALUES (N'NH006', N'Sushi Hokkaido', N'102 Nguyen Dinh Chieu, Quan 3, TP.HCM', N'0906000006', N'nhahang06');
INSERT INTO MonAn (MaMon, MaNH, TenMon, MaLoai, Gia, MoTa) VALUES (N'MA00601', N'NH006', N'Com tam suon bi cha', N'Com', 96569, N'Món Com tam suon bi cha tại Sushi Hokkaido');
INSERT INTO MonAn (MaMon, MaNH, TenMon, MaLoai, Gia, MoTa) VALUES (N'MA00602', N'NH006', N'Mi hoanh thanh', N'Mi', 27455, N'Món Mi hoanh thanh tại Sushi Hokkaido');
INSERT INTO MonAn (MaMon, MaNH, TenMon, MaLoai, Gia, MoTa) VALUES (N'MA00603', N'NH006', N'Banh trang tron', N'AnVat', 131587, N'Món Banh trang tron tại Sushi Hokkaido');
INSERT INTO MonAn (MaMon, MaNH, TenMon, MaLoai, Gia, MoTa) VALUES (N'MA00604', N'NH006', N'Bun bo Hue', N'Bun', 97992, N'Món Bun bo Hue tại Sushi Hokkaido');
INSERT INTO MonAn (MaMon, MaNH, TenMon, MaLoai, Gia, MoTa) VALUES (N'MA00605', N'NH006', N'Pho ga', N'Pho', 72923, N'Món Pho ga tại Sushi Hokkaido');
INSERT INTO MonAn (MaMon, MaNH, TenMon, MaLoai, Gia, MoTa) VALUES (N'MA00606', N'NH006', N'Pho bo vien', N'Pho', 52271, N'Món Pho bo vien tại Sushi Hokkaido');
INSERT INTO MonAn (MaMon, MaNH, TenMon, MaLoai, Gia, MoTa) VALUES (N'MA00607', N'NH006', N'Hau nuong', N'Haisan', 25209, N'Món Hau nuong tại Sushi Hokkaido');
INSERT INTO MonAn (MaMon, MaNH, TenMon, MaLoai, Gia, MoTa) VALUES (N'MA00608', N'NH006', N'Tom nuong muoi ot', N'Haisan', 74948, N'Món Tom nuong muoi ot tại Sushi Hokkaido');
INSERT INTO MonAn (MaMon, MaNH, TenMon, MaLoai, Gia, MoTa) VALUES (N'MA00609', N'NH006', N'Steak ga', N'Steak', 142513, N'Món Steak ga tại Sushi Hokkaido');
INSERT INTO MonAn (MaMon, MaNH, TenMon, MaLoai, Gia, MoTa) VALUES (N'MA00610', N'NH006', N'Lau thai', N'Lau', 107782, N'Món Lau thai tại Sushi Hokkaido');
INSERT INTO MonAn (MaMon, MaNH, TenMon, MaLoai, Gia, MoTa) VALUES (N'MA00611', N'NH006', N'Goi cuon chay', N'Chay', 51285, N'Món Goi cuon chay tại Sushi Hokkaido');
INSERT INTO MonAn (MaMon, MaNH, TenMon, MaLoai, Gia, MoTa) VALUES (N'MA00612', N'NH006', N'Lau nam chay', N'Lau', 37154, N'Món Lau nam chay tại Sushi Hokkaido');
INSERT INTO MonAn (MaMon, MaNH, TenMon, MaLoai, Gia, MoTa) VALUES (N'MA00613', N'NH006', N'Steak ga 1', N'Steak', 79929, N'Món Steak ga 1 tại Sushi Hokkaido');
INSERT INTO MonAn (MaMon, MaNH, TenMon, MaLoai, Gia, MoTa) VALUES (N'MA00614', N'NH006', N'Sushi ca hoi', N'Sushi', 21220, N'Món Sushi ca hoi tại Sushi Hokkaido');
INSERT INTO MonAn (MaMon, MaNH, TenMon, MaLoai, Gia, MoTa) VALUES (N'MA00615', N'NH006', N'Mi xao bo', N'Mi', 29602, N'Món Mi xao bo tại Sushi Hokkaido');
INSERT INTO MonAn (MaMon, MaNH, TenMon, MaLoai, Gia, MoTa) VALUES (N'MA00616', N'NH006', N'Khoai tay chien', N'AnVat', 86307, N'Món Khoai tay chien tại Sushi Hokkaido');
INSERT INTO MonAn (MaMon, MaNH, TenMon, MaLoai, Gia, MoTa) VALUES (N'MA00617', N'NH006', N'Lau thai 1', N'Lau', 142324, N'Món Lau thai 1 tại Sushi Hokkaido');
INSERT INTO MonAn (MaMon, MaNH, TenMon, MaLoai, Gia, MoTa) VALUES (N'MA00618', N'NH006', N'Sushi ca hoi 1', N'Sushi', 135247, N'Món Sushi ca hoi 1 tại Sushi Hokkaido');
INSERT INTO MonAn (MaMon, MaNH, TenMon, MaLoai, Gia, MoTa) VALUES (N'MA00619', N'NH006', N'Tra sua matcha', N'Trasua', 57353, N'Món Tra sua matcha tại Sushi Hokkaido');
INSERT INTO MonAn (MaMon, MaNH, TenMon, MaLoai, Gia, MoTa) VALUES (N'MA00620', N'NH006', N'Bun rieu cua', N'Bun', 129280, N'Món Bun rieu cua tại Sushi Hokkaido');
INSERT INTO NhaHang (MaNH, TenNH, DiaChi, SDT, MaTK) VALUES (N'NH007', N'Banh Canh Cua Ut Le', N'11 Nguyen Thien Thuat, Quan 3, TP.HCM', N'0907000007', N'nhahang07');
INSERT INTO MonAn (MaMon, MaNH, TenMon, MaLoai, Gia, MoTa) VALUES (N'MA00701', N'NH007', N'Goi cuon chay', N'Chay', 100173, N'Món Goi cuon chay tại Banh Canh Cua Ut Le');
INSERT INTO MonAn (MaMon, MaNH, TenMon, MaLoai, Gia, MoTa) VALUES (N'MA00702', N'NH007', N'Steak bo ribeye', N'Steak', 107538, N'Món Steak bo ribeye tại Banh Canh Cua Ut Le');
INSERT INTO MonAn (MaMon, MaNH, TenMon, MaLoai, Gia, MoTa) VALUES (N'MA00703', N'NH007', N'Nem chua ran', N'AnVat', 142127, N'Món Nem chua ran tại Banh Canh Cua Ut Le');
INSERT INTO MonAn (MaMon, MaNH, TenMon, MaLoai, Gia, MoTa) VALUES (N'MA00704', N'NH007', N'Steak bo ribeye 1', N'Steak', 143067, N'Món Steak bo ribeye 1 tại Banh Canh Cua Ut Le');
INSERT INTO MonAn (MaMon, MaNH, TenMon, MaLoai, Gia, MoTa) VALUES (N'MA00705', N'NH007', N'Bun thit nuong', N'Bun', 35129, N'Món Bun thit nuong tại Banh Canh Cua Ut Le');
INSERT INTO MonAn (MaMon, MaNH, TenMon, MaLoai, Gia, MoTa) VALUES (N'MA00706', N'NH007', N'Pho bo vien', N'Pho', 40374, N'Món Pho bo vien tại Banh Canh Cua Ut Le');
INSERT INTO MonAn (MaMon, MaNH, TenMon, MaLoai, Gia, MoTa) VALUES (N'MA00707', N'NH007', N'Lau kimchi', N'Lau', 99276, N'Món Lau kimchi tại Banh Canh Cua Ut Le');
INSERT INTO MonAn (MaMon, MaNH, TenMon, MaLoai, Gia, MoTa) VALUES (N'MA00708', N'NH007', N'Tra sua hongkong', N'Trasua', 64942, N'Món Tra sua hongkong tại Banh Canh Cua Ut Le');
INSERT INTO MonAn (MaMon, MaNH, TenMon, MaLoai, Gia, MoTa) VALUES (N'MA00709', N'NH007', N'Tra sua hongkong 1', N'Trasua', 103130, N'Món Tra sua hongkong 1 tại Banh Canh Cua Ut Le');
INSERT INTO MonAn (MaMon, MaNH, TenMon, MaLoai, Gia, MoTa) VALUES (N'MA00710', N'NH007', N'Lau bo tom', N'Lau', 84032, N'Món Lau bo tom tại Banh Canh Cua Ut Le');
INSERT INTO MonAn (MaMon, MaNH, TenMon, MaLoai, Gia, MoTa) VALUES (N'MA00711', N'NH007', N'Lau hai san', N'Lau', 32097, N'Món Lau hai san tại Banh Canh Cua Ut Le');
INSERT INTO MonAn (MaMon, MaNH, TenMon, MaLoai, Gia, MoTa) VALUES (N'MA00712', N'NH007', N'Beef tenderloin', N'Steak', 128704, N'Món Beef tenderloin tại Banh Canh Cua Ut Le');
INSERT INTO MonAn (MaMon, MaNH, TenMon, MaLoai, Gia, MoTa) VALUES (N'MA00713', N'NH007', N'Lau hai san 1', N'Lau', 20464, N'Món Lau hai san 1 tại Banh Canh Cua Ut Le');
INSERT INTO MonAn (MaMon, MaNH, TenMon, MaLoai, Gia, MoTa) VALUES (N'MA00714', N'NH007', N'Salmon nigiri', N'Sushi', 103507, N'Món Salmon nigiri tại Banh Canh Cua Ut Le');
INSERT INTO MonAn (MaMon, MaNH, TenMon, MaLoai, Gia, MoTa) VALUES (N'MA00715', N'NH007', N'Lau thai', N'Lau', 117154, N'Món Lau thai tại Banh Canh Cua Ut Le');
INSERT INTO MonAn (MaMon, MaNH, TenMon, MaLoai, Gia, MoTa) VALUES (N'MA00716', N'NH007', N'Mi Quang', N'Mi', 93519, N'Món Mi Quang tại Banh Canh Cua Ut Le');
INSERT INTO MonAn (MaMon, MaNH, TenMon, MaLoai, Gia, MoTa) VALUES (N'MA00717', N'NH007', N'Com ga xoi mo', N'Com', 29862, N'Món Com ga xoi mo tại Banh Canh Cua Ut Le');
INSERT INTO MonAn (MaMon, MaNH, TenMon, MaLoai, Gia, MoTa) VALUES (N'MA00718', N'NH007', N'Com chay dua', N'Chay', 91511, N'Món Com chay dua tại Banh Canh Cua Ut Le');
INSERT INTO MonAn (MaMon, MaNH, TenMon, MaLoai, Gia, MoTa) VALUES (N'MA00719', N'NH007', N'Com chay', N'Com', 96350, N'Món Com chay tại Banh Canh Cua Ut Le');
INSERT INTO MonAn (MaMon, MaNH, TenMon, MaLoai, Gia, MoTa) VALUES (N'MA00720', N'NH007', N'Khoai tay chien', N'AnVat', 76333, N'Món Khoai tay chien tại Banh Canh Cua Ut Le');
INSERT INTO MonAn (MaMon, MaNH, TenMon, MaLoai, Gia, MoTa) VALUES (N'MA00721', N'NH007', N'Bun bo Hue', N'Bun', 60404, N'Món Bun bo Hue tại Banh Canh Cua Ut Le');
INSERT INTO MonAn (MaMon, MaNH, TenMon, MaLoai, Gia, MoTa) VALUES (N'MA00722', N'NH007', N'Sushi ca hoi', N'Sushi', 137823, N'Món Sushi ca hoi tại Banh Canh Cua Ut Le');
INSERT INTO MonAn (MaMon, MaNH, TenMon, MaLoai, Gia, MoTa) VALUES (N'MA00723', N'NH007', N'Salmon nigiri 1', N'Sushi', 109399, N'Món Salmon nigiri 1 tại Banh Canh Cua Ut Le');
INSERT INTO NhaHang (MaNH, TenNH, DiaChi, SDT, MaTK) VALUES (N'NH008', N'Com Nieu Sai Gon', N'120 Ly Tu Trong, Quan 1, TP.HCM', N'0908000008', N'nhahang08');
INSERT INTO MonAn (MaMon, MaNH, TenMon, MaLoai, Gia, MoTa) VALUES (N'MA00801', N'NH008', N'Steak bo ribeye', N'Steak', 66357, N'Món Steak bo ribeye tại Com Nieu Sai Gon');
INSERT INTO MonAn (MaMon, MaNH, TenMon, MaLoai, Gia, MoTa) VALUES (N'MA00802', N'NH008', N'Banh mi kep', N'AnVat', 147642, N'Món Banh mi kep tại Com Nieu Sai Gon');
INSERT INTO MonAn (MaMon, MaNH, TenMon, MaLoai, Gia, MoTa) VALUES (N'MA00803', N'NH008', N'Muc chien gion', N'Haisan', 141341, N'Món Muc chien gion tại Com Nieu Sai Gon');
INSERT INTO MonAn (MaMon, MaNH, TenMon, MaLoai, Gia, MoTa) VALUES (N'MA00804', N'NH008', N'Tra sua tran chau hoang kim', N'Trasua', 147953, N'Món Tra sua tran chau hoang kim tại Com Nieu Sai Gon');
INSERT INTO MonAn (MaMon, MaNH, TenMon, MaLoai, Gia, MoTa) VALUES (N'MA00805', N'NH008', N'Bun rieu cua', N'Bun', 23248, N'Món Bun rieu cua tại Com Nieu Sai Gon');
INSERT INTO MonAn (MaMon, MaNH, TenMon, MaLoai, Gia, MoTa) VALUES (N'MA00806', N'NH008', N'Bun bo nam bo', N'Bun', 141174, N'Món Bun bo nam bo tại Com Nieu Sai Gon');
INSERT INTO MonAn (MaMon, MaNH, TenMon, MaLoai, Gia, MoTa) VALUES (N'MA00807', N'NH008', N'California roll', N'Sushi', 125150, N'Món California roll tại Com Nieu Sai Gon');
INSERT INTO MonAn (MaMon, MaNH, TenMon, MaLoai, Gia, MoTa) VALUES (N'MA00808', N'NH008', N'Steak bo wagyu', N'Steak', 54970, N'Món Steak bo wagyu tại Com Nieu Sai Gon');
INSERT INTO MonAn (MaMon, MaNH, TenMon, MaLoai, Gia, MoTa) VALUES (N'MA00809', N'NH008', N'Bun bo nam bo 1', N'Bun', 34168, N'Món Bun bo nam bo 1 tại Com Nieu Sai Gon');
INSERT INTO MonAn (MaMon, MaNH, TenMon, MaLoai, Gia, MoTa) VALUES (N'MA00810', N'NH008', N'Pizza hai san', N'Pizza', 132537, N'Món Pizza hai san tại Com Nieu Sai Gon');
INSERT INTO MonAn (MaMon, MaNH, TenMon, MaLoai, Gia, MoTa) VALUES (N'MA00811', N'NH008', N'Mi hoanh thanh', N'Mi', 46158, N'Món Mi hoanh thanh tại Com Nieu Sai Gon');
INSERT INTO MonAn (MaMon, MaNH, TenMon, MaLoai, Gia, MoTa) VALUES (N'MA00812', N'NH008', N'Mi tom chua cay', N'Mi', 60001, N'Món Mi tom chua cay tại Com Nieu Sai Gon');
INSERT INTO MonAn (MaMon, MaNH, TenMon, MaLoai, Gia, MoTa) VALUES (N'MA00813', N'NH008', N'Tra sua tran chau hoang kim 1', N'Trasua', 23101, N'Món Tra sua tran chau hoang kim 1 tại Com Nieu Sai Gon');
INSERT INTO MonAn (MaMon, MaNH, TenMon, MaLoai, Gia, MoTa) VALUES (N'MA00814', N'NH008', N'Steak bo wagyu 1', N'Steak', 72227, N'Món Steak bo wagyu 1 tại Com Nieu Sai Gon');
INSERT INTO MonAn (MaMon, MaNH, TenMon, MaLoai, Gia, MoTa) VALUES (N'MA00815', N'NH008', N'Sashimi ca hoi', N'Sushi', 133292, N'Món Sashimi ca hoi tại Com Nieu Sai Gon');
INSERT INTO MonAn (MaMon, MaNH, TenMon, MaLoai, Gia, MoTa) VALUES (N'MA00816', N'NH008', N'Pho dac biet', N'Pho', 66025, N'Món Pho dac biet tại Com Nieu Sai Gon');
INSERT INTO MonAn (MaMon, MaNH, TenMon, MaLoai, Gia, MoTa) VALUES (N'MA00817', N'NH008', N'Beef tenderloin', N'Steak', 109065, N'Món Beef tenderloin tại Com Nieu Sai Gon');
INSERT INTO MonAn (MaMon, MaNH, TenMon, MaLoai, Gia, MoTa) VALUES (N'MA00818', N'NH008', N'Nem chua ran', N'AnVat', 143107, N'Món Nem chua ran tại Com Nieu Sai Gon');
INSERT INTO NhaHang (MaNH, TenNH, DiaChi, SDT, MaTK) VALUES (N'NH009', N'Lau Nuong Dai Phat', N'72 Nguyen Huu Canh, Binh Thanh, TP.HCM', N'0909000009', N'nhahang09');
INSERT INTO MonAn (MaMon, MaNH, TenMon, MaLoai, Gia, MoTa) VALUES (N'MA00901', N'NH009', N'Pho dac biet', N'Pho', 43405, N'Món Pho dac biet tại Lau Nuong Dai Phat');
INSERT INTO MonAn (MaMon, MaNH, TenMon, MaLoai, Gia, MoTa) VALUES (N'MA00902', N'NH009', N'Ca nuong giay bac', N'Haisan', 25014, N'Món Ca nuong giay bac tại Lau Nuong Dai Phat');
INSERT INTO MonAn (MaMon, MaNH, TenMon, MaLoai, Gia, MoTa) VALUES (N'MA00903', N'NH009', N'Pho bo vien', N'Pho', 76959, N'Món Pho bo vien tại Lau Nuong Dai Phat');
INSERT INTO MonAn (MaMon, MaNH, TenMon, MaLoai, Gia, MoTa) VALUES (N'MA00904', N'NH009', N'Sashimi ca hoi', N'Sushi', 77199, N'Món Sashimi ca hoi tại Lau Nuong Dai Phat');
INSERT INTO MonAn (MaMon, MaNH, TenMon, MaLoai, Gia, MoTa) VALUES (N'MA00905', N'NH009', N'Hau nuong', N'Haisan', 35157, N'Món Hau nuong tại Lau Nuong Dai Phat');
INSERT INTO MonAn (MaMon, MaNH, TenMon, MaLoai, Gia, MoTa) VALUES (N'MA00906', N'NH009', N'Pizza pepperoni', N'Pizza', 53386, N'Món Pizza pepperoni tại Lau Nuong Dai Phat');
INSERT INTO MonAn (MaMon, MaNH, TenMon, MaLoai, Gia, MoTa) VALUES (N'MA00907', N'NH009', N'Com rang hai san', N'Com', 20221, N'Món Com rang hai san tại Lau Nuong Dai Phat');
INSERT INTO MonAn (MaMon, MaNH, TenMon, MaLoai, Gia, MoTa) VALUES (N'MA00908', N'NH009', N'Oc xao me', N'AnVat', 110027, N'Món Oc xao me tại Lau Nuong Dai Phat');
INSERT INTO MonAn (MaMon, MaNH, TenMon, MaLoai, Gia, MoTa) VALUES (N'MA00909', N'NH009', N'Com chay dua', N'Chay', 67739, N'Món Com chay dua tại Lau Nuong Dai Phat');
INSERT INTO MonAn (MaMon, MaNH, TenMon, MaLoai, Gia, MoTa) VALUES (N'MA00910', N'NH009', N'Pizza hai san', N'Pizza', 144370, N'Món Pizza hai san tại Lau Nuong Dai Phat');
INSERT INTO MonAn (MaMon, MaNH, TenMon, MaLoai, Gia, MoTa) VALUES (N'MA00911', N'NH009', N'Steak ga', N'Steak', 101678, N'Món Steak ga tại Lau Nuong Dai Phat');
INSERT INTO MonAn (MaMon, MaNH, TenMon, MaLoai, Gia, MoTa) VALUES (N'MA00912', N'NH009', N'Sushi ca hoi', N'Sushi', 114339, N'Món Sushi ca hoi tại Lau Nuong Dai Phat');
INSERT INTO MonAn (MaMon, MaNH, TenMon, MaLoai, Gia, MoTa) VALUES (N'MA00913', N'NH009', N'Lau bo tom', N'Lau', 60538, N'Món Lau bo tom tại Lau Nuong Dai Phat');
INSERT INTO MonAn (MaMon, MaNH, TenMon, MaLoai, Gia, MoTa) VALUES (N'MA00914', N'NH009', N'Beef tenderloin', N'Steak', 62753, N'Món Beef tenderloin tại Lau Nuong Dai Phat');
INSERT INTO MonAn (MaMon, MaNH, TenMon, MaLoai, Gia, MoTa) VALUES (N'MA00915', N'NH009', N'Pizza thap cam', N'Pizza', 92667, N'Món Pizza thap cam tại Lau Nuong Dai Phat');
INSERT INTO NhaHang (MaNH, TenNH, DiaChi, SDT, MaTK) VALUES (N'NH010', N'Ga Ran Toky', N'15 Vo Thi Sau, Quan 3, TP.HCM', N'0910000010', N'nhahang10');
INSERT INTO MonAn (MaMon, MaNH, TenMon, MaLoai, Gia, MoTa) VALUES (N'MA01001', N'NH010', N'Tra sua oolong', N'Trasua', 107153, N'Món Tra sua oolong tại Ga Ran Toky');
INSERT INTO MonAn (MaMon, MaNH, TenMon, MaLoai, Gia, MoTa) VALUES (N'MA01002', N'NH010', N'Pizza pepperoni', N'Pizza', 100676, N'Món Pizza pepperoni tại Ga Ran Toky');
INSERT INTO MonAn (MaMon, MaNH, TenMon, MaLoai, Gia, MoTa) VALUES (N'MA01003', N'NH010', N'Ca nuong giay bac', N'Haisan', 73225, N'Món Ca nuong giay bac tại Ga Ran Toky');
INSERT INTO MonAn (MaMon, MaNH, TenMon, MaLoai, Gia, MoTa) VALUES (N'MA01004', N'NH010', N'Banh trang tron', N'AnVat', 59829, N'Món Banh trang tron tại Ga Ran Toky');
INSERT INTO MonAn (MaMon, MaNH, TenMon, MaLoai, Gia, MoTa) VALUES (N'MA01005', N'NH010', N'Lau thai', N'Lau', 76346, N'Món Lau thai tại Ga Ran Toky');
INSERT INTO MonAn (MaMon, MaNH, TenMon, MaLoai, Gia, MoTa) VALUES (N'MA01006', N'NH010', N'Hau nuong', N'Haisan', 105813, N'Món Hau nuong tại Ga Ran Toky');
INSERT INTO MonAn (MaMon, MaNH, TenMon, MaLoai, Gia, MoTa) VALUES (N'MA01007', N'NH010', N'California roll', N'Sushi', 77905, N'Món California roll tại Ga Ran Toky');
INSERT INTO MonAn (MaMon, MaNH, TenMon, MaLoai, Gia, MoTa) VALUES (N'MA01008', N'NH010', N'Mi hoanh thanh', N'Mi', 87000, N'Món Mi hoanh thanh tại Ga Ran Toky');
INSERT INTO MonAn (MaMon, MaNH, TenMon, MaLoai, Gia, MoTa) VALUES (N'MA01009', N'NH010', N'Mi hoanh thanh 1', N'Mi', 106356, N'Món Mi hoanh thanh 1 tại Ga Ran Toky');
INSERT INTO MonAn (MaMon, MaNH, TenMon, MaLoai, Gia, MoTa) VALUES (N'MA01010', N'NH010', N'Pho dac biet', N'Pho', 87561, N'Món Pho dac biet tại Ga Ran Toky');
INSERT INTO MonAn (MaMon, MaNH, TenMon, MaLoai, Gia, MoTa) VALUES (N'MA01011', N'NH010', N'Steak ga', N'Steak', 32240, N'Món Steak ga tại Ga Ran Toky');
INSERT INTO MonAn (MaMon, MaNH, TenMon, MaLoai, Gia, MoTa) VALUES (N'MA01012', N'NH010', N'Tra sua hongkong', N'Trasua', 60687, N'Món Tra sua hongkong tại Ga Ran Toky');
INSERT INTO MonAn (MaMon, MaNH, TenMon, MaLoai, Gia, MoTa) VALUES (N'MA01013', N'NH010', N'Tra sua tran chau hoang kim', N'Trasua', 39313, N'Món Tra sua tran chau hoang kim tại Ga Ran Toky');
INSERT INTO MonAn (MaMon, MaNH, TenMon, MaLoai, Gia, MoTa) VALUES (N'MA01014', N'NH010', N'Com tam suon bi cha', N'Com', 52092, N'Món Com tam suon bi cha tại Ga Ran Toky');
INSERT INTO MonAn (MaMon, MaNH, TenMon, MaLoai, Gia, MoTa) VALUES (N'MA01015', N'NH010', N'Mi xao bo', N'Mi', 79692, N'Món Mi xao bo tại Ga Ran Toky');
INSERT INTO MonAn (MaMon, MaNH, TenMon, MaLoai, Gia, MoTa) VALUES (N'MA01016', N'NH010', N'Pizza pepperoni 1', N'Pizza', 114155, N'Món Pizza pepperoni 1 tại Ga Ran Toky');
INSERT INTO MonAn (MaMon, MaNH, TenMon, MaLoai, Gia, MoTa) VALUES (N'MA01017', N'NH010', N'Bun chay Huong Sen', N'Chay', 84799, N'Món Bun chay Huong Sen tại Ga Ran Toky');
INSERT INTO NhaHang (MaNH, TenNH, DiaChi, SDT, MaTK) VALUES (N'NH011', N'Highlands Coffee Pasteur', N'146 Pasteur, Quan 1, TP.HCM', N'0911000011', N'nhahang11');
INSERT INTO MonAn (MaMon, MaNH, TenMon, MaLoai, Gia, MoTa) VALUES (N'MA01101', N'NH011', N'Tra sua tran chau hoang kim', N'Trasua', 105990, N'Món Tra sua tran chau hoang kim tại Highlands Coffee Pasteur');
INSERT INTO MonAn (MaMon, MaNH, TenMon, MaLoai, Gia, MoTa) VALUES (N'MA01102', N'NH011', N'Lau nam chay', N'Chay', 137002, N'Món Lau nam chay tại Highlands Coffee Pasteur');
INSERT INTO MonAn (MaMon, MaNH, TenMon, MaLoai, Gia, MoTa) VALUES (N'MA01103', N'NH011', N'Pho chin', N'Pho', 48683, N'Món Pho chin tại Highlands Coffee Pasteur');
INSERT INTO MonAn (MaMon, MaNH, TenMon, MaLoai, Gia, MoTa) VALUES (N'MA01104', N'NH011', N'Bun bo nam bo', N'Bun', 87889, N'Món Bun bo nam bo tại Highlands Coffee Pasteur');
INSERT INTO MonAn (MaMon, MaNH, TenMon, MaLoai, Gia, MoTa) VALUES (N'MA01105', N'NH011', N'Mi xao bo', N'Mi', 93060, N'Món Mi xao bo tại Highlands Coffee Pasteur');
INSERT INTO MonAn (MaMon, MaNH, TenMon, MaLoai, Gia, MoTa) VALUES (N'MA01106', N'NH011', N'Tra sua tran chau duong den', N'Trasua', 79829, N'Món Tra sua tran chau duong den tại Highlands Coffee Pasteur');
INSERT INTO MonAn (MaMon, MaNH, TenMon, MaLoai, Gia, MoTa) VALUES (N'MA01107', N'NH011', N'Bun rieu cua', N'Bun', 107500, N'Món Bun rieu cua tại Highlands Coffee Pasteur');
INSERT INTO MonAn (MaMon, MaNH, TenMon, MaLoai, Gia, MoTa) VALUES (N'MA01108', N'NH011', N'Oc xao me', N'AnVat', 98047, N'Món Oc xao me tại Highlands Coffee Pasteur');
INSERT INTO MonAn (MaMon, MaNH, TenMon, MaLoai, Gia, MoTa) VALUES (N'MA01109', N'NH011', N'California roll', N'Sushi', 100301, N'Món California roll tại Highlands Coffee Pasteur');
INSERT INTO MonAn (MaMon, MaNH, TenMon, MaLoai, Gia, MoTa) VALUES (N'MA01110', N'NH011', N'Bun chay Huong Sen', N'Chay', 128864, N'Món Bun chay Huong Sen tại Highlands Coffee Pasteur');
INSERT INTO MonAn (MaMon, MaNH, TenMon, MaLoai, Gia, MoTa) VALUES (N'MA01111', N'NH011', N'Banh mi kep', N'AnVat', 137598, N'Món Banh mi kep tại Highlands Coffee Pasteur');
INSERT INTO MonAn (MaMon, MaNH, TenMon, MaLoai, Gia, MoTa) VALUES (N'MA01112', N'NH011', N'Bun bo nam bo 1', N'Bun', 132917, N'Món Bun bo nam bo 1 tại Highlands Coffee Pasteur');
INSERT INTO MonAn (MaMon, MaNH, TenMon, MaLoai, Gia, MoTa) VALUES (N'MA01113', N'NH011', N'Mi Quang', N'Mi', 53972, N'Món Mi Quang tại Highlands Coffee Pasteur');
INSERT INTO MonAn (MaMon, MaNH, TenMon, MaLoai, Gia, MoTa) VALUES (N'MA01114', N'NH011', N'Tra sua hongkong', N'Trasua', 56347, N'Món Tra sua hongkong tại Highlands Coffee Pasteur');
INSERT INTO MonAn (MaMon, MaNH, TenMon, MaLoai, Gia, MoTa) VALUES (N'MA01115', N'NH011', N'Banh mi kep 1', N'AnVat', 102149, N'Món Banh mi kep 1 tại Highlands Coffee Pasteur');
INSERT INTO MonAn (MaMon, MaNH, TenMon, MaLoai, Gia, MoTa) VALUES (N'MA01116', N'NH011', N'Tra sua matcha', N'Trasua', 77654, N'Món Tra sua matcha tại Highlands Coffee Pasteur');
INSERT INTO MonAn (MaMon, MaNH, TenMon, MaLoai, Gia, MoTa) VALUES (N'MA01117', N'NH011', N'Pho dac biet', N'Pho', 50735, N'Món Pho dac biet tại Highlands Coffee Pasteur');
INSERT INTO MonAn (MaMon, MaNH, TenMon, MaLoai, Gia, MoTa) VALUES (N'MA01118', N'NH011', N'Lau kimchi', N'Lau', 61904, N'Món Lau kimchi tại Highlands Coffee Pasteur');
INSERT INTO MonAn (MaMon, MaNH, TenMon, MaLoai, Gia, MoTa) VALUES (N'MA01119', N'NH011', N'Banh trang tron', N'AnVat', 38136, N'Món Banh trang tron tại Highlands Coffee Pasteur');
INSERT INTO MonAn (MaMon, MaNH, TenMon, MaLoai, Gia, MoTa) VALUES (N'MA01120', N'NH011', N'Bun cha', N'Bun', 70205, N'Món Bun cha tại Highlands Coffee Pasteur');
INSERT INTO MonAn (MaMon, MaNH, TenMon, MaLoai, Gia, MoTa) VALUES (N'MA01121', N'NH011', N'Com chay dua', N'Chay', 112591, N'Món Com chay dua tại Highlands Coffee Pasteur');
INSERT INTO NhaHang (MaNH, TenNH, DiaChi, SDT, MaTK) VALUES (N'NH012', N'Mi Cay Seoul', N'21 Nguyen Tri Phuong, Quan 10, TP.HCM', N'0912000012', N'nhahang12');
INSERT INTO MonAn (MaMon, MaNH, TenMon, MaLoai, Gia, MoTa) VALUES (N'MA01201', N'NH012', N'Pho chin', N'Pho', 73424, N'Món Pho chin tại Mi Cay Seoul');
INSERT INTO MonAn (MaMon, MaNH, TenMon, MaLoai, Gia, MoTa) VALUES (N'MA01202', N'NH012', N'Dragon roll', N'Sushi', 81069, N'Món Dragon roll tại Mi Cay Seoul');
INSERT INTO MonAn (MaMon, MaNH, TenMon, MaLoai, Gia, MoTa) VALUES (N'MA01203', N'NH012', N'Pizza hai san', N'Pizza', 47110, N'Món Pizza hai san tại Mi Cay Seoul');
INSERT INTO MonAn (MaMon, MaNH, TenMon, MaLoai, Gia, MoTa) VALUES (N'MA01204', N'NH012', N'Pizza vegetarian', N'Pizza', 138598, N'Món Pizza vegetarian tại Mi Cay Seoul');
INSERT INTO MonAn (MaMon, MaNH, TenMon, MaLoai, Gia, MoTa) VALUES (N'MA01205', N'NH012', N'Tom nuong muoi ot', N'Haisan', 132293, N'Món Tom nuong muoi ot tại Mi Cay Seoul');
INSERT INTO MonAn (MaMon, MaNH, TenMon, MaLoai, Gia, MoTa) VALUES (N'MA01206', N'NH012', N'Ghe hap bia', N'Haisan', 82518, N'Món Ghe hap bia tại Mi Cay Seoul');
INSERT INTO MonAn (MaMon, MaNH, TenMon, MaLoai, Gia, MoTa) VALUES (N'MA01207', N'NH012', N'Com chay', N'Com', 59139, N'Món Com chay tại Mi Cay Seoul');
INSERT INTO MonAn (MaMon, MaNH, TenMon, MaLoai, Gia, MoTa) VALUES (N'MA01208', N'NH012', N'Pizza vegetarian 1', N'Pizza', 90545, N'Món Pizza vegetarian 1 tại Mi Cay Seoul');
INSERT INTO MonAn (MaMon, MaNH, TenMon, MaLoai, Gia, MoTa) VALUES (N'MA01209', N'NH012', N'Com chay dua', N'Chay', 83993, N'Món Com chay dua tại Mi Cay Seoul');
INSERT INTO MonAn (MaMon, MaNH, TenMon, MaLoai, Gia, MoTa) VALUES (N'MA01210', N'NH012', N'Tra sua matcha', N'Trasua', 77125, N'Món Tra sua matcha tại Mi Cay Seoul');
INSERT INTO MonAn (MaMon, MaNH, TenMon, MaLoai, Gia, MoTa) VALUES (N'MA01211', N'NH012', N'Mi xao bo', N'Mi', 70968, N'Món Mi xao bo tại Mi Cay Seoul');
INSERT INTO MonAn (MaMon, MaNH, TenMon, MaLoai, Gia, MoTa) VALUES (N'MA01212', N'NH012', N'California roll', N'Sushi', 114919, N'Món California roll tại Mi Cay Seoul');
INSERT INTO MonAn (MaMon, MaNH, TenMon, MaLoai, Gia, MoTa) VALUES (N'MA01213', N'NH012', N'Bun rieu cua', N'Bun', 140526, N'Món Bun rieu cua tại Mi Cay Seoul');
INSERT INTO MonAn (MaMon, MaNH, TenMon, MaLoai, Gia, MoTa) VALUES (N'MA01214', N'NH012', N'Bun mam', N'Bun', 90008, N'Món Bun mam tại Mi Cay Seoul');
INSERT INTO MonAn (MaMon, MaNH, TenMon, MaLoai, Gia, MoTa) VALUES (N'MA01215', N'NH012', N'Com rang hai san', N'Com', 97580, N'Món Com rang hai san tại Mi Cay Seoul');
INSERT INTO MonAn (MaMon, MaNH, TenMon, MaLoai, Gia, MoTa) VALUES (N'MA01216', N'NH012', N'Tom nuong muoi ot 1', N'Haisan', 31003, N'Món Tom nuong muoi ot 1 tại Mi Cay Seoul');
INSERT INTO MonAn (MaMon, MaNH, TenMon, MaLoai, Gia, MoTa) VALUES (N'MA01217', N'NH012', N'Beef tenderloin', N'Steak', 37786, N'Món Beef tenderloin tại Mi Cay Seoul');
INSERT INTO MonAn (MaMon, MaNH, TenMon, MaLoai, Gia, MoTa) VALUES (N'MA01218', N'NH012', N'Mi hoanh thanh', N'Mi', 26590, N'Món Mi hoanh thanh tại Mi Cay Seoul');
INSERT INTO NhaHang (MaNH, TenNH, DiaChi, SDT, MaTK) VALUES (N'NH013', N'Lau Bo Ba Toa', N'88 Nguyen Thong, Quan 3, TP.HCM', N'0913000013', N'nhahang13');
INSERT INTO MonAn (MaMon, MaNH, TenMon, MaLoai, Gia, MoTa) VALUES (N'MA01301', N'NH013', N'Pizza thap cam', N'Pizza', 47742, N'Món Pizza thap cam tại Lau Bo Ba Toa');
INSERT INTO MonAn (MaMon, MaNH, TenMon, MaLoai, Gia, MoTa) VALUES (N'MA01302', N'NH013', N'Mi tom chua cay', N'Mi', 64236, N'Món Mi tom chua cay tại Lau Bo Ba Toa');
INSERT INTO MonAn (MaMon, MaNH, TenMon, MaLoai, Gia, MoTa) VALUES (N'MA01303', N'NH013', N'Pizza thap cam 1', N'Pizza', 118567, N'Món Pizza thap cam 1 tại Lau Bo Ba Toa');
INSERT INTO MonAn (MaMon, MaNH, TenMon, MaLoai, Gia, MoTa) VALUES (N'MA01304', N'NH013', N'Pizza thap cam 2', N'Pizza', 129433, N'Món Pizza thap cam 2 tại Lau Bo Ba Toa');
INSERT INTO MonAn (MaMon, MaNH, TenMon, MaLoai, Gia, MoTa) VALUES (N'MA01305', N'NH013', N'Pho chin', N'Pho', 22540, N'Món Pho chin tại Lau Bo Ba Toa');
INSERT INTO MonAn (MaMon, MaNH, TenMon, MaLoai, Gia, MoTa) VALUES (N'MA01306', N'NH013', N'Lau nam chay', N'Chay', 144770, N'Món Lau nam chay tại Lau Bo Ba Toa');
INSERT INTO MonAn (MaMon, MaNH, TenMon, MaLoai, Gia, MoTa) VALUES (N'MA01307', N'NH013', N'Salmon nigiri', N'Sushi', 105215, N'Món Salmon nigiri tại Lau Bo Ba Toa');
INSERT INTO MonAn (MaMon, MaNH, TenMon, MaLoai, Gia, MoTa) VALUES (N'MA01308', N'NH013', N'Pho bo tai', N'Pho', 118858, N'Món Pho bo tai tại Lau Bo Ba Toa');
INSERT INTO MonAn (MaMon, MaNH, TenMon, MaLoai, Gia, MoTa) VALUES (N'MA01309', N'NH013', N'Com suon nuong', N'Com', 46130, N'Món Com suon nuong tại Lau Bo Ba Toa');
INSERT INTO MonAn (MaMon, MaNH, TenMon, MaLoai, Gia, MoTa) VALUES (N'MA01310', N'NH013', N'Com suon ram', N'Com', 39973, N'Món Com suon ram tại Lau Bo Ba Toa');
INSERT INTO MonAn (MaMon, MaNH, TenMon, MaLoai, Gia, MoTa) VALUES (N'MA01311', N'NH013', N'Tra sua tran chau hoang kim', N'Trasua', 82070, N'Món Tra sua tran chau hoang kim tại Lau Bo Ba Toa');
INSERT INTO MonAn (MaMon, MaNH, TenMon, MaLoai, Gia, MoTa) VALUES (N'MA01312', N'NH013', N'Steak bo ribeye', N'Steak', 93920, N'Món Steak bo ribeye tại Lau Bo Ba Toa');
INSERT INTO MonAn (MaMon, MaNH, TenMon, MaLoai, Gia, MoTa) VALUES (N'MA01313', N'NH013', N'Tra sua oolong', N'Trasua', 111680, N'Món Tra sua oolong tại Lau Bo Ba Toa');
INSERT INTO MonAn (MaMon, MaNH, TenMon, MaLoai, Gia, MoTa) VALUES (N'MA01314', N'NH013', N'Lau kimchi', N'Lau', 41992, N'Món Lau kimchi tại Lau Bo Ba Toa');
INSERT INTO MonAn (MaMon, MaNH, TenMon, MaLoai, Gia, MoTa) VALUES (N'MA01315', N'NH013', N'Hau nuong', N'Haisan', 146318, N'Món Hau nuong tại Lau Bo Ba Toa');
INSERT INTO MonAn (MaMon, MaNH, TenMon, MaLoai, Gia, MoTa) VALUES (N'MA01316', N'NH013', N'Lau nam chay 1', N'Chay', 121946, N'Món Lau nam chay 1 tại Lau Bo Ba Toa');
INSERT INTO MonAn (MaMon, MaNH, TenMon, MaLoai, Gia, MoTa) VALUES (N'MA01317', N'NH013', N'Bun thit nuong', N'Bun', 34168, N'Món Bun thit nuong tại Lau Bo Ba Toa');
INSERT INTO MonAn (MaMon, MaNH, TenMon, MaLoai, Gia, MoTa) VALUES (N'MA01318', N'NH013', N'Tom nuong muoi ot', N'Haisan', 141751, N'Món Tom nuong muoi ot tại Lau Bo Ba Toa');
INSERT INTO MonAn (MaMon, MaNH, TenMon, MaLoai, Gia, MoTa) VALUES (N'MA01319', N'NH013', N'Lau bo tom', N'Lau', 108781, N'Món Lau bo tom tại Lau Bo Ba Toa');
INSERT INTO NhaHang (MaNH, TenNH, DiaChi, SDT, MaTK) VALUES (N'NH014', N'Com Ga Xoi Mo A Chay', N'29 Nguyen Oanh, Go Vap, TP.HCM', N'0914000014', N'nhahang14');
INSERT INTO MonAn (MaMon, MaNH, TenMon, MaLoai, Gia, MoTa) VALUES (N'MA01401', N'NH014', N'Pizza pepperoni', N'Pizza', 29961, N'Món Pizza pepperoni tại Com Ga Xoi Mo A Chay');
INSERT INTO MonAn (MaMon, MaNH, TenMon, MaLoai, Gia, MoTa) VALUES (N'MA01402', N'NH014', N'Muc chien gion', N'Haisan', 33356, N'Món Muc chien gion tại Com Ga Xoi Mo A Chay');
INSERT INTO MonAn (MaMon, MaNH, TenMon, MaLoai, Gia, MoTa) VALUES (N'MA01403', N'NH014', N'Goi cuon chay', N'Chay', 131449, N'Món Goi cuon chay tại Com Ga Xoi Mo A Chay');
INSERT INTO MonAn (MaMon, MaNH, TenMon, MaLoai, Gia, MoTa) VALUES (N'MA01404', N'NH014', N'Steak bo ribeye', N'Steak', 124363, N'Món Steak bo ribeye tại Com Ga Xoi Mo A Chay');
INSERT INTO MonAn (MaMon, MaNH, TenMon, MaLoai, Gia, MoTa) VALUES (N'MA01405', N'NH014', N'Tom nuong muoi ot', N'Haisan', 65508, N'Món Tom nuong muoi ot tại Com Ga Xoi Mo A Chay');
INSERT INTO MonAn (MaMon, MaNH, TenMon, MaLoai, Gia, MoTa) VALUES (N'MA01406', N'NH014', N'Banh mi kep', N'AnVat', 106706, N'Món Banh mi kep tại Com Ga Xoi Mo A Chay');
INSERT INTO MonAn (MaMon, MaNH, TenMon, MaLoai, Gia, MoTa) VALUES (N'MA01407', N'NH014', N'Sushi ca hoi', N'Sushi', 86317, N'Món Sushi ca hoi tại Com Ga Xoi Mo A Chay');
INSERT INTO MonAn (MaMon, MaNH, TenMon, MaLoai, Gia, MoTa) VALUES (N'MA01408', N'NH014', N'Steak ga', N'Steak', 21658, N'Món Steak ga tại Com Ga Xoi Mo A Chay');
INSERT INTO MonAn (MaMon, MaNH, TenMon, MaLoai, Gia, MoTa) VALUES (N'MA01409', N'NH014', N'Pizza vegetarian', N'Pizza', 33833, N'Món Pizza vegetarian tại Com Ga Xoi Mo A Chay');
INSERT INTO MonAn (MaMon, MaNH, TenMon, MaLoai, Gia, MoTa) VALUES (N'MA01410', N'NH014', N'Pizza thap cam', N'Pizza', 103307, N'Món Pizza thap cam tại Com Ga Xoi Mo A Chay');
INSERT INTO MonAn (MaMon, MaNH, TenMon, MaLoai, Gia, MoTa) VALUES (N'MA01411', N'NH014', N'Mi hoanh thanh', N'Mi', 77080, N'Món Mi hoanh thanh tại Com Ga Xoi Mo A Chay');
INSERT INTO MonAn (MaMon, MaNH, TenMon, MaLoai, Gia, MoTa) VALUES (N'MA01412', N'NH014', N'Bun bo nam bo', N'Bun', 88386, N'Món Bun bo nam bo tại Com Ga Xoi Mo A Chay');
INSERT INTO MonAn (MaMon, MaNH, TenMon, MaLoai, Gia, MoTa) VALUES (N'MA01413', N'NH014', N'Steak ga 1', N'Steak', 100728, N'Món Steak ga 1 tại Com Ga Xoi Mo A Chay');
INSERT INTO MonAn (MaMon, MaNH, TenMon, MaLoai, Gia, MoTa) VALUES (N'MA01414', N'NH014', N'Banh mi kep 1', N'AnVat', 80931, N'Món Banh mi kep 1 tại Com Ga Xoi Mo A Chay');
INSERT INTO MonAn (MaMon, MaNH, TenMon, MaLoai, Gia, MoTa) VALUES (N'MA01415', N'NH014', N'Pizza thap cam 1', N'Pizza', 62245, N'Món Pizza thap cam 1 tại Com Ga Xoi Mo A Chay');
INSERT INTO MonAn (MaMon, MaNH, TenMon, MaLoai, Gia, MoTa) VALUES (N'MA01416', N'NH014', N'Tra sua tran chau duong den', N'Trasua', 56559, N'Món Tra sua tran chau duong den tại Com Ga Xoi Mo A Chay');
INSERT INTO MonAn (MaMon, MaNH, TenMon, MaLoai, Gia, MoTa) VALUES (N'MA01417', N'NH014', N'Mi hoanh thanh 1', N'Mi', 118366, N'Món Mi hoanh thanh 1 tại Com Ga Xoi Mo A Chay');
INSERT INTO MonAn (MaMon, MaNH, TenMon, MaLoai, Gia, MoTa) VALUES (N'MA01418', N'NH014', N'Mi Quang', N'Mi', 64092, N'Món Mi Quang tại Com Ga Xoi Mo A Chay');
INSERT INTO MonAn (MaMon, MaNH, TenMon, MaLoai, Gia, MoTa) VALUES (N'MA01419', N'NH014', N'Com ga hai nam', N'Com', 131536, N'Món Com ga hai nam tại Com Ga Xoi Mo A Chay');
INSERT INTO MonAn (MaMon, MaNH, TenMon, MaLoai, Gia, MoTa) VALUES (N'MA01420', N'NH014', N'Salmon nigiri', N'Sushi', 83904, N'Món Salmon nigiri tại Com Ga Xoi Mo A Chay');
INSERT INTO MonAn (MaMon, MaNH, TenMon, MaLoai, Gia, MoTa) VALUES (N'MA01421', N'NH014', N'Tra sua matcha', N'Trasua', 124573, N'Món Tra sua matcha tại Com Ga Xoi Mo A Chay');
INSERT INTO NhaHang (MaNH, TenNH, DiaChi, SDT, MaTK) VALUES (N'NH015', N'Oc Dem 102', N'54 Pham Van Hai, Tan Binh, TP.HCM', N'0915000015', N'nhahang15');
INSERT INTO MonAn (MaMon, MaNH, TenMon, MaLoai, Gia, MoTa) VALUES (N'MA01501', N'NH015', N'Sashimi ca hoi', N'Sushi', 135385, N'Món Sashimi ca hoi tại Oc Dem 102');
INSERT INTO MonAn (MaMon, MaNH, TenMon, MaLoai, Gia, MoTa) VALUES (N'MA01502', N'NH015', N'Ca nuong giay bac', N'Haisan', 92848, N'Món Ca nuong giay bac tại Oc Dem 102');
INSERT INTO MonAn (MaMon, MaNH, TenMon, MaLoai, Gia, MoTa) VALUES (N'MA01503', N'NH015', N'Com thap cam', N'Com', 144264, N'Món Com thap cam tại Oc Dem 102');
INSERT INTO MonAn (MaMon, MaNH, TenMon, MaLoai, Gia, MoTa) VALUES (N'MA01504', N'NH015', N'Tra sua tran chau duong den', N'Trasua', 51635, N'Món Tra sua tran chau duong den tại Oc Dem 102');
INSERT INTO MonAn (MaMon, MaNH, TenMon, MaLoai, Gia, MoTa) VALUES (N'MA01505', N'NH015', N'Bun chay Huong Sen', N'Chay', 84038, N'Món Bun chay Huong Sen tại Oc Dem 102');
INSERT INTO MonAn (MaMon, MaNH, TenMon, MaLoai, Gia, MoTa) VALUES (N'MA01506', N'NH015', N'Khoai tay chien', N'AnVat', 110519, N'Món Khoai tay chien tại Oc Dem 102');
INSERT INTO MonAn (MaMon, MaNH, TenMon, MaLoai, Gia, MoTa) VALUES (N'MA01507', N'NH015', N'Mi Quang', N'Mi', 78743, N'Món Mi Quang tại Oc Dem 102');
INSERT INTO MonAn (MaMon, MaNH, TenMon, MaLoai, Gia, MoTa) VALUES (N'MA01508', N'NH015', N'Com ga xoi mo', N'Com', 58566, N'Món Com ga xoi mo tại Oc Dem 102');
INSERT INTO MonAn (MaMon, MaNH, TenMon, MaLoai, Gia, MoTa) VALUES (N'MA01509', N'NH015', N'Tra sua oolong', N'Trasua', 110673, N'Món Tra sua oolong tại Oc Dem 102');
INSERT INTO MonAn (MaMon, MaNH, TenMon, MaLoai, Gia, MoTa) VALUES (N'MA01510', N'NH015', N'Tra sua matcha', N'Trasua', 107026, N'Món Tra sua matcha tại Oc Dem 102');
INSERT INTO MonAn (MaMon, MaNH, TenMon, MaLoai, Gia, MoTa) VALUES (N'MA01511', N'NH015', N'Ca nuong giay bac 1', N'Haisan', 82031, N'Món Ca nuong giay bac 1 tại Oc Dem 102');
INSERT INTO MonAn (MaMon, MaNH, TenMon, MaLoai, Gia, MoTa) VALUES (N'MA01512', N'NH015', N'Oc xao me', N'AnVat', 65056, N'Món Oc xao me tại Oc Dem 102');
INSERT INTO MonAn (MaMon, MaNH, TenMon, MaLoai, Gia, MoTa) VALUES (N'MA01513', N'NH015', N'Pizza thap cam', N'Pizza', 66112, N'Món Pizza thap cam tại Oc Dem 102');
INSERT INTO MonAn (MaMon, MaNH, TenMon, MaLoai, Gia, MoTa) VALUES (N'MA01514', N'NH015', N'Bun chay Huong Sen 1', N'Chay', 55509, N'Món Bun chay Huong Sen 1 tại Oc Dem 102');
INSERT INTO MonAn (MaMon, MaNH, TenMon, MaLoai, Gia, MoTa) VALUES (N'MA01515', N'NH015', N'Lau kimchi', N'Lau', 50217, N'Món Lau kimchi tại Oc Dem 102');
INSERT INTO MonAn (MaMon, MaNH, TenMon, MaLoai, Gia, MoTa) VALUES (N'MA01516', N'NH015', N'Pho ga', N'Pho', 61359, N'Món Pho ga tại Oc Dem 102');
INSERT INTO MonAn (MaMon, MaNH, TenMon, MaLoai, Gia, MoTa) VALUES (N'MA01517', N'NH015', N'Pho bo vien', N'Pho', 144633, N'Món Pho bo vien tại Oc Dem 102');
INSERT INTO MonAn (MaMon, MaNH, TenMon, MaLoai, Gia, MoTa) VALUES (N'MA01518', N'NH015', N'Com chay dua', N'Chay', 45105, N'Món Com chay dua tại Oc Dem 102');
INSERT INTO MonAn (MaMon, MaNH, TenMon, MaLoai, Gia, MoTa) VALUES (N'MA01519', N'NH015', N'Tra sua hongkong', N'Trasua', 83464, N'Món Tra sua hongkong tại Oc Dem 102');
INSERT INTO NhaHang (MaNH, TenNH, DiaChi, SDT, MaTK) VALUES (N'NH016', N'Kichi Kichi Vincom', N'Vincom Dong Khoi, Quan 1, TP.HCM', N'0916000016', N'nhahang16');
INSERT INTO MonAn (MaMon, MaNH, TenMon, MaLoai, Gia, MoTa) VALUES (N'MA01601', N'NH016', N'Goi cuon chay', N'Chay', 148517, N'Món Goi cuon chay tại Kichi Kichi Vincom');
INSERT INTO MonAn (MaMon, MaNH, TenMon, MaLoai, Gia, MoTa) VALUES (N'MA01602', N'NH016', N'Pho ga', N'Pho', 58829, N'Món Pho ga tại Kichi Kichi Vincom');
INSERT INTO MonAn (MaMon, MaNH, TenMon, MaLoai, Gia, MoTa) VALUES (N'MA01603', N'NH016', N'Tra sua matcha', N'Trasua', 43519, N'Món Tra sua matcha tại Kichi Kichi Vincom');
INSERT INTO MonAn (MaMon, MaNH, TenMon, MaLoai, Gia, MoTa) VALUES (N'MA01604', N'NH016', N'Lau hai san', N'Lau', 112801, N'Món Lau hai san tại Kichi Kichi Vincom');
INSERT INTO MonAn (MaMon, MaNH, TenMon, MaLoai, Gia, MoTa) VALUES (N'MA01605', N'NH016', N'Khoai tay chien', N'AnVat', 55954, N'Món Khoai tay chien tại Kichi Kichi Vincom');
INSERT INTO MonAn (MaMon, MaNH, TenMon, MaLoai, Gia, MoTa) VALUES (N'MA01606', N'NH016', N'Com tam suon bi cha', N'Com', 92529, N'Món Com tam suon bi cha tại Kichi Kichi Vincom');
INSERT INTO MonAn (MaMon, MaNH, TenMon, MaLoai, Gia, MoTa) VALUES (N'MA01607', N'NH016', N'Lau thai', N'Lau', 103606, N'Món Lau thai tại Kichi Kichi Vincom');
INSERT INTO MonAn (MaMon, MaNH, TenMon, MaLoai, Gia, MoTa) VALUES (N'MA01608', N'NH016', N'Mi xao bo', N'Mi', 134389, N'Món Mi xao bo tại Kichi Kichi Vincom');
INSERT INTO MonAn (MaMon, MaNH, TenMon, MaLoai, Gia, MoTa) VALUES (N'MA01609', N'NH016', N'Com suon ram', N'Com', 57268, N'Món Com suon ram tại Kichi Kichi Vincom');
INSERT INTO MonAn (MaMon, MaNH, TenMon, MaLoai, Gia, MoTa) VALUES (N'MA01610', N'NH016', N'Mi Quang', N'Mi', 77733, N'Món Mi Quang tại Kichi Kichi Vincom');
INSERT INTO MonAn (MaMon, MaNH, TenMon, MaLoai, Gia, MoTa) VALUES (N'MA01611', N'NH016', N'Salmon nigiri', N'Sushi', 146549, N'Món Salmon nigiri tại Kichi Kichi Vincom');
INSERT INTO MonAn (MaMon, MaNH, TenMon, MaLoai, Gia, MoTa) VALUES (N'MA01612', N'NH016', N'Com kho ca', N'Com', 143347, N'Món Com kho ca tại Kichi Kichi Vincom');
INSERT INTO MonAn (MaMon, MaNH, TenMon, MaLoai, Gia, MoTa) VALUES (N'MA01613', N'NH016', N'Mi xao bo 1', N'Mi', 127756, N'Món Mi xao bo 1 tại Kichi Kichi Vincom');
INSERT INTO MonAn (MaMon, MaNH, TenMon, MaLoai, Gia, MoTa) VALUES (N'MA01614', N'NH016', N'Pho chin', N'Pho', 84454, N'Món Pho chin tại Kichi Kichi Vincom');
INSERT INTO MonAn (MaMon, MaNH, TenMon, MaLoai, Gia, MoTa) VALUES (N'MA01615', N'NH016', N'Pho bo vien', N'Pho', 102502, N'Món Pho bo vien tại Kichi Kichi Vincom');
INSERT INTO MonAn (MaMon, MaNH, TenMon, MaLoai, Gia, MoTa) VALUES (N'MA01616', N'NH016', N'Steak bo ribeye', N'Steak', 39887, N'Món Steak bo ribeye tại Kichi Kichi Vincom');
INSERT INTO MonAn (MaMon, MaNH, TenMon, MaLoai, Gia, MoTa) VALUES (N'MA01617', N'NH016', N'Bun mam', N'Bun', 144403, N'Món Bun mam tại Kichi Kichi Vincom');
INSERT INTO MonAn (MaMon, MaNH, TenMon, MaLoai, Gia, MoTa) VALUES (N'MA01618', N'NH016', N'Lau hai san 1', N'Lau', 52530, N'Món Lau hai san 1 tại Kichi Kichi Vincom');
INSERT INTO MonAn (MaMon, MaNH, TenMon, MaLoai, Gia, MoTa) VALUES (N'MA01619', N'NH016', N'Pho bo vien 1', N'Pho', 120197, N'Món Pho bo vien 1 tại Kichi Kichi Vincom');
INSERT INTO NhaHang (MaNH, TenNH, DiaChi, SDT, MaTK) VALUES (N'NH017', N'Banh Mi Huynh Hoa', N'26 Le Thi Rieng, Quan 1, TP.HCM', N'0917000017', N'nhahang17');
INSERT INTO MonAn (MaMon, MaNH, TenMon, MaLoai, Gia, MoTa) VALUES (N'MA01701', N'NH017', N'Hau nuong', N'Haisan', 123643, N'Món Hau nuong tại Banh Mi Huynh Hoa');
INSERT INTO MonAn (MaMon, MaNH, TenMon, MaLoai, Gia, MoTa) VALUES (N'MA01702', N'NH017', N'Muc chien gion', N'Haisan', 121671, N'Món Muc chien gion tại Banh Mi Huynh Hoa');
INSERT INTO MonAn (MaMon, MaNH, TenMon, MaLoai, Gia, MoTa) VALUES (N'MA01703', N'NH017', N'Banh mi kep', N'AnVat', 79049, N'Món Banh mi kep tại Banh Mi Huynh Hoa');
INSERT INTO MonAn (MaMon, MaNH, TenMon, MaLoai, Gia, MoTa) VALUES (N'MA01704', N'NH017', N'Mi tom chua cay', N'Mi', 132743, N'Món Mi tom chua cay tại Banh Mi Huynh Hoa');
INSERT INTO MonAn (MaMon, MaNH, TenMon, MaLoai, Gia, MoTa) VALUES (N'MA01705', N'NH017', N'Ghe hap bia', N'Haisan', 60026, N'Món Ghe hap bia tại Banh Mi Huynh Hoa');
INSERT INTO MonAn (MaMon, MaNH, TenMon, MaLoai, Gia, MoTa) VALUES (N'MA01706', N'NH017', N'Hau nuong 1', N'Haisan', 27894, N'Món Hau nuong 1 tại Banh Mi Huynh Hoa');
INSERT INTO MonAn (MaMon, MaNH, TenMon, MaLoai, Gia, MoTa) VALUES (N'MA01707', N'NH017', N'Tom nuong muoi ot', N'Haisan', 144202, N'Món Tom nuong muoi ot tại Banh Mi Huynh Hoa');
INSERT INTO MonAn (MaMon, MaNH, TenMon, MaLoai, Gia, MoTa) VALUES (N'MA01708', N'NH017', N'Tra sua hongkong', N'Trasua', 47659, N'Món Tra sua hongkong tại Banh Mi Huynh Hoa');
INSERT INTO MonAn (MaMon, MaNH, TenMon, MaLoai, Gia, MoTa) VALUES (N'MA01709', N'NH017', N'Lau hai san', N'Lau', 40585, N'Món Lau hai san tại Banh Mi Huynh Hoa');
INSERT INTO MonAn (MaMon, MaNH, TenMon, MaLoai, Gia, MoTa) VALUES (N'MA01710', N'NH017', N'Tra sua tran chau hoang kim', N'Trasua', 92350, N'Món Tra sua tran chau hoang kim tại Banh Mi Huynh Hoa');
INSERT INTO MonAn (MaMon, MaNH, TenMon, MaLoai, Gia, MoTa) VALUES (N'MA01711', N'NH017', N'Pho ga', N'Pho', 20350, N'Món Pho ga tại Banh Mi Huynh Hoa');
INSERT INTO MonAn (MaMon, MaNH, TenMon, MaLoai, Gia, MoTa) VALUES (N'MA01712', N'NH017', N'Pizza vegetarian', N'Pizza', 110357, N'Món Pizza vegetarian tại Banh Mi Huynh Hoa');
INSERT INTO MonAn (MaMon, MaNH, TenMon, MaLoai, Gia, MoTa) VALUES (N'MA01713', N'NH017', N'Ghe hap bia 1', N'Haisan', 58175, N'Món Ghe hap bia 1 tại Banh Mi Huynh Hoa');
INSERT INTO MonAn (MaMon, MaNH, TenMon, MaLoai, Gia, MoTa) VALUES (N'MA01714', N'NH017', N'Com suon nuong', N'Com', 57762, N'Món Com suon nuong tại Banh Mi Huynh Hoa');
INSERT INTO MonAn (MaMon, MaNH, TenMon, MaLoai, Gia, MoTa) VALUES (N'MA01715', N'NH017', N'Goi cuon chay', N'Chay', 112141, N'Món Goi cuon chay tại Banh Mi Huynh Hoa');
INSERT INTO MonAn (MaMon, MaNH, TenMon, MaLoai, Gia, MoTa) VALUES (N'MA01716', N'NH017', N'Mi xao bo', N'Mi', 110096, N'Món Mi xao bo tại Banh Mi Huynh Hoa');
INSERT INTO MonAn (MaMon, MaNH, TenMon, MaLoai, Gia, MoTa) VALUES (N'MA01717', N'NH017', N'Tra sua matcha', N'Trasua', 123262, N'Món Tra sua matcha tại Banh Mi Huynh Hoa');
INSERT INTO MonAn (MaMon, MaNH, TenMon, MaLoai, Gia, MoTa) VALUES (N'MA01718', N'NH017', N'Steak bo wagyu', N'Steak', 75723, N'Món Steak bo wagyu tại Banh Mi Huynh Hoa');
INSERT INTO MonAn (MaMon, MaNH, TenMon, MaLoai, Gia, MoTa) VALUES (N'MA01719', N'NH017', N'Pho bo vien', N'Pho', 49466, N'Món Pho bo vien tại Banh Mi Huynh Hoa');
INSERT INTO MonAn (MaMon, MaNH, TenMon, MaLoai, Gia, MoTa) VALUES (N'MA01720', N'NH017', N'Steak bo wagyu 1', N'Steak', 139067, N'Món Steak bo wagyu 1 tại Banh Mi Huynh Hoa');
INSERT INTO MonAn (MaMon, MaNH, TenMon, MaLoai, Gia, MoTa) VALUES (N'MA01721', N'NH017', N'Lau thai', N'Lau', 29359, N'Món Lau thai tại Banh Mi Huynh Hoa');
INSERT INTO NhaHang (MaNH, TenNH, DiaChi, SDT, MaTK) VALUES (N'NH018', N'Com Chay Tinh Tam', N'94 Le Van Sy, Quan 3, TP.HCM', N'0918000018', N'nhahang18');
INSERT INTO MonAn (MaMon, MaNH, TenMon, MaLoai, Gia, MoTa) VALUES (N'MA01801', N'NH018', N'Bun thit nuong', N'Bun', 97993, N'Món Bun thit nuong tại Com Chay Tinh Tam');
INSERT INTO MonAn (MaMon, MaNH, TenMon, MaLoai, Gia, MoTa) VALUES (N'MA01802', N'NH018', N'Goi cuon chay', N'Chay', 77560, N'Món Goi cuon chay tại Com Chay Tinh Tam');
INSERT INTO MonAn (MaMon, MaNH, TenMon, MaLoai, Gia, MoTa) VALUES (N'MA01803', N'NH018', N'Pho chin', N'Pho', 110266, N'Món Pho chin tại Com Chay Tinh Tam');
INSERT INTO MonAn (MaMon, MaNH, TenMon, MaLoai, Gia, MoTa) VALUES (N'MA01804', N'NH018', N'Lau nam chay', N'Lau', 143558, N'Món Lau nam chay tại Com Chay Tinh Tam');
INSERT INTO MonAn (MaMon, MaNH, TenMon, MaLoai, Gia, MoTa) VALUES (N'MA01805', N'NH018', N'Lau bo tom', N'Lau', 90776, N'Món Lau bo tom tại Com Chay Tinh Tam');
INSERT INTO MonAn (MaMon, MaNH, TenMon, MaLoai, Gia, MoTa) VALUES (N'MA01806', N'NH018', N'Mi Quang', N'Mi', 30543, N'Món Mi Quang tại Com Chay Tinh Tam');
INSERT INTO MonAn (MaMon, MaNH, TenMon, MaLoai, Gia, MoTa) VALUES (N'MA01807', N'NH018', N'Tom nuong muoi ot', N'Haisan', 136578, N'Món Tom nuong muoi ot tại Com Chay Tinh Tam');
INSERT INTO MonAn (MaMon, MaNH, TenMon, MaLoai, Gia, MoTa) VALUES (N'MA01808', N'NH018', N'Pizza thap cam', N'Pizza', 99129, N'Món Pizza thap cam tại Com Chay Tinh Tam');
INSERT INTO MonAn (MaMon, MaNH, TenMon, MaLoai, Gia, MoTa) VALUES (N'MA01809', N'NH018', N'Lau hai san', N'Lau', 31970, N'Món Lau hai san tại Com Chay Tinh Tam');
INSERT INTO MonAn (MaMon, MaNH, TenMon, MaLoai, Gia, MoTa) VALUES (N'MA01810', N'NH018', N'Tra sua hongkong', N'Trasua', 129570, N'Món Tra sua hongkong tại Com Chay Tinh Tam');
INSERT INTO MonAn (MaMon, MaNH, TenMon, MaLoai, Gia, MoTa) VALUES (N'MA01811', N'NH018', N'Hau nuong', N'Haisan', 144621, N'Món Hau nuong tại Com Chay Tinh Tam');
INSERT INTO MonAn (MaMon, MaNH, TenMon, MaLoai, Gia, MoTa) VALUES (N'MA01812', N'NH018', N'Com kho ca', N'Com', 95529, N'Món Com kho ca tại Com Chay Tinh Tam');
INSERT INTO MonAn (MaMon, MaNH, TenMon, MaLoai, Gia, MoTa) VALUES (N'MA01813', N'NH018', N'Com rang dua', N'Com', 81669, N'Món Com rang dua tại Com Chay Tinh Tam');
INSERT INTO MonAn (MaMon, MaNH, TenMon, MaLoai, Gia, MoTa) VALUES (N'MA01814', N'NH018', N'Banh mi kep', N'AnVat', 140071, N'Món Banh mi kep tại Com Chay Tinh Tam');
INSERT INTO MonAn (MaMon, MaNH, TenMon, MaLoai, Gia, MoTa) VALUES (N'MA01815', N'NH018', N'Lau thai', N'Lau', 96720, N'Món Lau thai tại Com Chay Tinh Tam');
INSERT INTO NhaHang (MaNH, TenNH, DiaChi, SDT, MaTK) VALUES (N'NH019', N'Hu Tieu Nam Vang Thanh Dat', N'38 Tran Hung Dao, Quan 5, TP.HCM', N'0919000019', N'nhahang19');
INSERT INTO MonAn (MaMon, MaNH, TenMon, MaLoai, Gia, MoTa) VALUES (N'MA01901', N'NH019', N'Beef tenderloin', N'Steak', 147016, N'Món Beef tenderloin tại Hu Tieu Nam Vang Thanh Dat');
INSERT INTO MonAn (MaMon, MaNH, TenMon, MaLoai, Gia, MoTa) VALUES (N'MA01902', N'NH019', N'Pho chin', N'Pho', 65607, N'Món Pho chin tại Hu Tieu Nam Vang Thanh Dat');
INSERT INTO MonAn (MaMon, MaNH, TenMon, MaLoai, Gia, MoTa) VALUES (N'MA01903', N'NH019', N'Pizza thap cam', N'Pizza', 62081, N'Món Pizza thap cam tại Hu Tieu Nam Vang Thanh Dat');
INSERT INTO MonAn (MaMon, MaNH, TenMon, MaLoai, Gia, MoTa) VALUES (N'MA01904', N'NH019', N'Steak bo ribeye', N'Steak', 132424, N'Món Steak bo ribeye tại Hu Tieu Nam Vang Thanh Dat');
INSERT INTO MonAn (MaMon, MaNH, TenMon, MaLoai, Gia, MoTa) VALUES (N'MA01905', N'NH019', N'Bun thit nuong', N'Bun', 73955, N'Món Bun thit nuong tại Hu Tieu Nam Vang Thanh Dat');
INSERT INTO MonAn (MaMon, MaNH, TenMon, MaLoai, Gia, MoTa) VALUES (N'MA01906', N'NH019', N'Bun chay Huong Sen', N'Chay', 57777, N'Món Bun chay Huong Sen tại Hu Tieu Nam Vang Thanh Dat');
INSERT INTO MonAn (MaMon, MaNH, TenMon, MaLoai, Gia, MoTa) VALUES (N'MA01907', N'NH019', N'Beef tenderloin 1', N'Steak', 126635, N'Món Beef tenderloin 1 tại Hu Tieu Nam Vang Thanh Dat');
INSERT INTO MonAn (MaMon, MaNH, TenMon, MaLoai, Gia, MoTa) VALUES (N'MA01908', N'NH019', N'Banh trang tron', N'AnVat', 79614, N'Món Banh trang tron tại Hu Tieu Nam Vang Thanh Dat');
INSERT INTO MonAn (MaMon, MaNH, TenMon, MaLoai, Gia, MoTa) VALUES (N'MA01909', N'NH019', N'Pho dac biet', N'Pho', 53082, N'Món Pho dac biet tại Hu Tieu Nam Vang Thanh Dat');
INSERT INTO MonAn (MaMon, MaNH, TenMon, MaLoai, Gia, MoTa) VALUES (N'MA01910', N'NH019', N'Sushi ca hoi', N'Sushi', 147164, N'Món Sushi ca hoi tại Hu Tieu Nam Vang Thanh Dat');
INSERT INTO MonAn (MaMon, MaNH, TenMon, MaLoai, Gia, MoTa) VALUES (N'MA01911', N'NH019', N'Pizza hai san', N'Pizza', 106200, N'Món Pizza hai san tại Hu Tieu Nam Vang Thanh Dat');
INSERT INTO MonAn (MaMon, MaNH, TenMon, MaLoai, Gia, MoTa) VALUES (N'MA01912', N'NH019', N'Banh mi kep', N'AnVat', 74165, N'Món Banh mi kep tại Hu Tieu Nam Vang Thanh Dat');
INSERT INTO MonAn (MaMon, MaNH, TenMon, MaLoai, Gia, MoTa) VALUES (N'MA01913', N'NH019', N'Com suon nuong', N'Com', 87952, N'Món Com suon nuong tại Hu Tieu Nam Vang Thanh Dat');
INSERT INTO MonAn (MaMon, MaNH, TenMon, MaLoai, Gia, MoTa) VALUES (N'MA01914', N'NH019', N'Dragon roll', N'Sushi', 119148, N'Món Dragon roll tại Hu Tieu Nam Vang Thanh Dat');
INSERT INTO MonAn (MaMon, MaNH, TenMon, MaLoai, Gia, MoTa) VALUES (N'MA01915', N'NH019', N'Mi Quang', N'Mi', 119613, N'Món Mi Quang tại Hu Tieu Nam Vang Thanh Dat');
INSERT INTO MonAn (MaMon, MaNH, TenMon, MaLoai, Gia, MoTa) VALUES (N'MA01916', N'NH019', N'Com suon nuong 1', N'Com', 55003, N'Món Com suon nuong 1 tại Hu Tieu Nam Vang Thanh Dat');
INSERT INTO MonAn (MaMon, MaNH, TenMon, MaLoai, Gia, MoTa) VALUES (N'MA01917', N'NH019', N'Khoai tay chien', N'AnVat', 141591, N'Món Khoai tay chien tại Hu Tieu Nam Vang Thanh Dat');
INSERT INTO MonAn (MaMon, MaNH, TenMon, MaLoai, Gia, MoTa) VALUES (N'MA01918', N'NH019', N'Lau nam chay', N'Lau', 135454, N'Món Lau nam chay tại Hu Tieu Nam Vang Thanh Dat');
INSERT INTO MonAn (MaMon, MaNH, TenMon, MaLoai, Gia, MoTa) VALUES (N'MA01919', N'NH019', N'Bun chay Huong Sen 1', N'Chay', 35915, N'Món Bun chay Huong Sen 1 tại Hu Tieu Nam Vang Thanh Dat');
INSERT INTO MonAn (MaMon, MaNH, TenMon, MaLoai, Gia, MoTa) VALUES (N'MA01920', N'NH019', N'Com suon ram', N'Com', 124767, N'Món Com suon ram tại Hu Tieu Nam Vang Thanh Dat');
INSERT INTO MonAn (MaMon, MaNH, TenMon, MaLoai, Gia, MoTa) VALUES (N'MA01921', N'NH019', N'Tra sua hongkong', N'Trasua', 40758, N'Món Tra sua hongkong tại Hu Tieu Nam Vang Thanh Dat');
INSERT INTO NhaHang (MaNH, TenNH, DiaChi, SDT, MaTK) VALUES (N'NH020', N'Nha Hang Chay An Nhien', N'45 Hai Ba Trung, Quan 1, TP.HCM', N'0920000020', N'nhahang20');
INSERT INTO MonAn (MaMon, MaNH, TenMon, MaLoai, Gia, MoTa) VALUES (N'MA02001', N'NH020', N'Banh trang tron', N'AnVat', 92384, N'Món Banh trang tron tại Nha Hang Chay An Nhien');
INSERT INTO MonAn (MaMon, MaNH, TenMon, MaLoai, Gia, MoTa) VALUES (N'MA02002', N'NH020', N'Pizza hai san', N'Pizza', 49451, N'Món Pizza hai san tại Nha Hang Chay An Nhien');
INSERT INTO MonAn (MaMon, MaNH, TenMon, MaLoai, Gia, MoTa) VALUES (N'MA02003', N'NH020', N'Pho chin', N'Pho', 144133, N'Món Pho chin tại Nha Hang Chay An Nhien');
INSERT INTO MonAn (MaMon, MaNH, TenMon, MaLoai, Gia, MoTa) VALUES (N'MA02004', N'NH020', N'Pho ga', N'Pho', 85323, N'Món Pho ga tại Nha Hang Chay An Nhien');
INSERT INTO MonAn (MaMon, MaNH, TenMon, MaLoai, Gia, MoTa) VALUES (N'MA02005', N'NH020', N'Goi cuon chay', N'Chay', 86698, N'Món Goi cuon chay tại Nha Hang Chay An Nhien');
INSERT INTO MonAn (MaMon, MaNH, TenMon, MaLoai, Gia, MoTa) VALUES (N'MA02006', N'NH020', N'Goi cuon chay 1', N'Chay', 74459, N'Món Goi cuon chay 1 tại Nha Hang Chay An Nhien');
INSERT INTO MonAn (MaMon, MaNH, TenMon, MaLoai, Gia, MoTa) VALUES (N'MA02007', N'NH020', N'Mi Quang', N'Mi', 51946, N'Món Mi Quang tại Nha Hang Chay An Nhien');
INSERT INTO MonAn (MaMon, MaNH, TenMon, MaLoai, Gia, MoTa) VALUES (N'MA02008', N'NH020', N'Mi hoanh thanh', N'Mi', 70277, N'Món Mi hoanh thanh tại Nha Hang Chay An Nhien');
INSERT INTO MonAn (MaMon, MaNH, TenMon, MaLoai, Gia, MoTa) VALUES (N'MA02009', N'NH020', N'Tra sua socola', N'Trasua', 86616, N'Món Tra sua socola tại Nha Hang Chay An Nhien');
INSERT INTO MonAn (MaMon, MaNH, TenMon, MaLoai, Gia, MoTa) VALUES (N'MA02010', N'NH020', N'Com chay dua', N'Chay', 133249, N'Món Com chay dua tại Nha Hang Chay An Nhien');
INSERT INTO MonAn (MaMon, MaNH, TenMon, MaLoai, Gia, MoTa) VALUES (N'MA02011', N'NH020', N'Pho dac biet', N'Pho', 121276, N'Món Pho dac biet tại Nha Hang Chay An Nhien');
INSERT INTO MonAn (MaMon, MaNH, TenMon, MaLoai, Gia, MoTa) VALUES (N'MA02012', N'NH020', N'Pizza thap cam', N'Pizza', 142453, N'Món Pizza thap cam tại Nha Hang Chay An Nhien');
INSERT INTO MonAn (MaMon, MaNH, TenMon, MaLoai, Gia, MoTa) VALUES (N'MA02013', N'NH020', N'Nem chua ran', N'AnVat', 127551, N'Món Nem chua ran tại Nha Hang Chay An Nhien');
INSERT INTO MonAn (MaMon, MaNH, TenMon, MaLoai, Gia, MoTa) VALUES (N'MA02014', N'NH020', N'Com kho ca', N'Com', 115164, N'Món Com kho ca tại Nha Hang Chay An Nhien');
INSERT INTO MonAn (MaMon, MaNH, TenMon, MaLoai, Gia, MoTa) VALUES (N'MA02015', N'NH020', N'Lau bo tom', N'Lau', 96011, N'Món Lau bo tom tại Nha Hang Chay An Nhien');
INSERT INTO MonAn (MaMon, MaNH, TenMon, MaLoai, Gia, MoTa) VALUES (N'MA02016', N'NH020', N'Beef tenderloin', N'Steak', 133411, N'Món Beef tenderloin tại Nha Hang Chay An Nhien');
INSERT INTO MonAn (MaMon, MaNH, TenMon, MaLoai, Gia, MoTa) VALUES (N'MA02017', N'NH020', N'Bun rieu cua', N'Bun', 90592, N'Món Bun rieu cua tại Nha Hang Chay An Nhien');
INSERT INTO MonAn (MaMon, MaNH, TenMon, MaLoai, Gia, MoTa) VALUES (N'MA02018', N'NH020', N'Mi tom chua cay', N'Mi', 63573, N'Món Mi tom chua cay tại Nha Hang Chay An Nhien');
INSERT INTO MonAn (MaMon, MaNH, TenMon, MaLoai, Gia, MoTa) VALUES (N'MA02019', N'NH020', N'Oc xao me', N'AnVat', 69441, N'Món Oc xao me tại Nha Hang Chay An Nhien');
INSERT INTO NhaHang (MaNH, TenNH, DiaChi, SDT, MaTK) VALUES (N'NH021', N'Bun Dau Mam Tom Hang Khay', N'12 Tran Quoc Thao, Quan 3, TP.HCM', N'0921000021', N'nhahang21');
INSERT INTO MonAn (MaMon, MaNH, TenMon, MaLoai, Gia, MoTa) VALUES (N'MA02101', N'NH021', N'Salmon nigiri', N'Sushi', 148552, N'Món Salmon nigiri tại Bun Dau Mam Tom Hang Khay');
INSERT INTO MonAn (MaMon, MaNH, TenMon, MaLoai, Gia, MoTa) VALUES (N'MA02102', N'NH021', N'Com chay dua', N'Chay', 94946, N'Món Com chay dua tại Bun Dau Mam Tom Hang Khay');
INSERT INTO MonAn (MaMon, MaNH, TenMon, MaLoai, Gia, MoTa) VALUES (N'MA02103', N'NH021', N'Pizza pepperoni', N'Pizza', 132199, N'Món Pizza pepperoni tại Bun Dau Mam Tom Hang Khay');
INSERT INTO MonAn (MaMon, MaNH, TenMon, MaLoai, Gia, MoTa) VALUES (N'MA02104', N'NH021', N'Pizza hai san', N'Pizza', 61704, N'Món Pizza hai san tại Bun Dau Mam Tom Hang Khay');
INSERT INTO MonAn (MaMon, MaNH, TenMon, MaLoai, Gia, MoTa) VALUES (N'MA02105', N'NH021', N'Bun chay Huong Sen', N'Chay', 112435, N'Món Bun chay Huong Sen tại Bun Dau Mam Tom Hang Khay');
INSERT INTO MonAn (MaMon, MaNH, TenMon, MaLoai, Gia, MoTa) VALUES (N'MA02106', N'NH021', N'Pizza vegetarian', N'Pizza', 149553, N'Món Pizza vegetarian tại Bun Dau Mam Tom Hang Khay');
INSERT INTO MonAn (MaMon, MaNH, TenMon, MaLoai, Gia, MoTa) VALUES (N'MA02107', N'NH021', N'Steak bo wagyu', N'Steak', 84923, N'Món Steak bo wagyu tại Bun Dau Mam Tom Hang Khay');
INSERT INTO MonAn (MaMon, MaNH, TenMon, MaLoai, Gia, MoTa) VALUES (N'MA02108', N'NH021', N'Com rang dua', N'Com', 85836, N'Món Com rang dua tại Bun Dau Mam Tom Hang Khay');
INSERT INTO MonAn (MaMon, MaNH, TenMon, MaLoai, Gia, MoTa) VALUES (N'MA02109', N'NH021', N'Ca nuong giay bac', N'Haisan', 133993, N'Món Ca nuong giay bac tại Bun Dau Mam Tom Hang Khay');
INSERT INTO MonAn (MaMon, MaNH, TenMon, MaLoai, Gia, MoTa) VALUES (N'MA02110', N'NH021', N'Pho chin', N'Pho', 33069, N'Món Pho chin tại Bun Dau Mam Tom Hang Khay');
INSERT INTO MonAn (MaMon, MaNH, TenMon, MaLoai, Gia, MoTa) VALUES (N'MA02111', N'NH021', N'Banh mi kep', N'AnVat', 22011, N'Món Banh mi kep tại Bun Dau Mam Tom Hang Khay');
INSERT INTO MonAn (MaMon, MaNH, TenMon, MaLoai, Gia, MoTa) VALUES (N'MA02112', N'NH021', N'Com chay dua 1', N'Chay', 73736, N'Món Com chay dua 1 tại Bun Dau Mam Tom Hang Khay');
INSERT INTO MonAn (MaMon, MaNH, TenMon, MaLoai, Gia, MoTa) VALUES (N'MA02113', N'NH021', N'Steak bo wagyu 1', N'Steak', 29807, N'Món Steak bo wagyu 1 tại Bun Dau Mam Tom Hang Khay');
INSERT INTO MonAn (MaMon, MaNH, TenMon, MaLoai, Gia, MoTa) VALUES (N'MA02114', N'NH021', N'Mi tom chua cay', N'Mi', 64375, N'Món Mi tom chua cay tại Bun Dau Mam Tom Hang Khay');
INSERT INTO MonAn (MaMon, MaNH, TenMon, MaLoai, Gia, MoTa) VALUES (N'MA02115', N'NH021', N'Ghe hap bia', N'Haisan', 105175, N'Món Ghe hap bia tại Bun Dau Mam Tom Hang Khay');
INSERT INTO MonAn (MaMon, MaNH, TenMon, MaLoai, Gia, MoTa) VALUES (N'MA02116', N'NH021', N'Pho dac biet', N'Pho', 131718, N'Món Pho dac biet tại Bun Dau Mam Tom Hang Khay');
INSERT INTO MonAn (MaMon, MaNH, TenMon, MaLoai, Gia, MoTa) VALUES (N'MA02117', N'NH021', N'Beef tenderloin', N'Steak', 145060, N'Món Beef tenderloin tại Bun Dau Mam Tom Hang Khay');
INSERT INTO MonAn (MaMon, MaNH, TenMon, MaLoai, Gia, MoTa) VALUES (N'MA02118', N'NH021', N'California roll', N'Sushi', 134344, N'Món California roll tại Bun Dau Mam Tom Hang Khay');
INSERT INTO MonAn (MaMon, MaNH, TenMon, MaLoai, Gia, MoTa) VALUES (N'MA02119', N'NH021', N'Banh trang tron', N'AnVat', 100931, N'Món Banh trang tron tại Bun Dau Mam Tom Hang Khay');
INSERT INTO MonAn (MaMon, MaNH, TenMon, MaLoai, Gia, MoTa) VALUES (N'MA02120', N'NH021', N'Pho ga', N'Pho', 102727, N'Món Pho ga tại Bun Dau Mam Tom Hang Khay');
INSERT INTO MonAn (MaMon, MaNH, TenMon, MaLoai, Gia, MoTa) VALUES (N'MA02121', N'NH021', N'Steak ga', N'Steak', 49817, N'Món Steak ga tại Bun Dau Mam Tom Hang Khay');
INSERT INTO MonAn (MaMon, MaNH, TenMon, MaLoai, Gia, MoTa) VALUES (N'MA02122', N'NH021', N'Lau nam chay', N'Chay', 76881, N'Món Lau nam chay tại Bun Dau Mam Tom Hang Khay');
INSERT INTO NhaHang (MaNH, TenNH, DiaChi, SDT, MaTK) VALUES (N'NH022', N'Pizza Company Nguyen Trai', N'123 Nguyen Trai, Quan 5, TP.HCM', N'0922000022', N'nhahang22');
INSERT INTO MonAn (MaMon, MaNH, TenMon, MaLoai, Gia, MoTa) VALUES (N'MA02201', N'NH022', N'Steak bo ribeye', N'Steak', 78153, N'Món Steak bo ribeye tại Pizza Company Nguyen Trai');
INSERT INTO MonAn (MaMon, MaNH, TenMon, MaLoai, Gia, MoTa) VALUES (N'MA02202', N'NH022', N'Bun bo nam bo', N'Bun', 59251, N'Món Bun bo nam bo tại Pizza Company Nguyen Trai');
INSERT INTO MonAn (MaMon, MaNH, TenMon, MaLoai, Gia, MoTa) VALUES (N'MA02203', N'NH022', N'Com tam suon bi cha', N'Com', 62516, N'Món Com tam suon bi cha tại Pizza Company Nguyen Trai');
INSERT INTO MonAn (MaMon, MaNH, TenMon, MaLoai, Gia, MoTa) VALUES (N'MA02204', N'NH022', N'Com kho ca', N'Com', 66984, N'Món Com kho ca tại Pizza Company Nguyen Trai');
INSERT INTO MonAn (MaMon, MaNH, TenMon, MaLoai, Gia, MoTa) VALUES (N'MA02205', N'NH022', N'California roll', N'Sushi', 39080, N'Món California roll tại Pizza Company Nguyen Trai');
INSERT INTO MonAn (MaMon, MaNH, TenMon, MaLoai, Gia, MoTa) VALUES (N'MA02206', N'NH022', N'Tra sua socola', N'Trasua', 74008, N'Món Tra sua socola tại Pizza Company Nguyen Trai');
INSERT INTO MonAn (MaMon, MaNH, TenMon, MaLoai, Gia, MoTa) VALUES (N'MA02207', N'NH022', N'Muc chien gion', N'Haisan', 42280, N'Món Muc chien gion tại Pizza Company Nguyen Trai');
INSERT INTO MonAn (MaMon, MaNH, TenMon, MaLoai, Gia, MoTa) VALUES (N'MA02208', N'NH022', N'Bun bo Hue', N'Bun', 99887, N'Món Bun bo Hue tại Pizza Company Nguyen Trai');
INSERT INTO MonAn (MaMon, MaNH, TenMon, MaLoai, Gia, MoTa) VALUES (N'MA02209', N'NH022', N'Pizza pepperoni', N'Pizza', 85230, N'Món Pizza pepperoni tại Pizza Company Nguyen Trai');
INSERT INTO MonAn (MaMon, MaNH, TenMon, MaLoai, Gia, MoTa) VALUES (N'MA02210', N'NH022', N'Muc chien gion 1', N'Haisan', 50433, N'Món Muc chien gion 1 tại Pizza Company Nguyen Trai');
INSERT INTO MonAn (MaMon, MaNH, TenMon, MaLoai, Gia, MoTa) VALUES (N'MA02211', N'NH022', N'Mi tom chua cay', N'Mi', 80236, N'Món Mi tom chua cay tại Pizza Company Nguyen Trai');
INSERT INTO MonAn (MaMon, MaNH, TenMon, MaLoai, Gia, MoTa) VALUES (N'MA02212', N'NH022', N'Lau hai san', N'Lau', 137821, N'Món Lau hai san tại Pizza Company Nguyen Trai');
INSERT INTO MonAn (MaMon, MaNH, TenMon, MaLoai, Gia, MoTa) VALUES (N'MA02213', N'NH022', N'Mi tom chua cay 1', N'Mi', 108815, N'Món Mi tom chua cay 1 tại Pizza Company Nguyen Trai');
INSERT INTO MonAn (MaMon, MaNH, TenMon, MaLoai, Gia, MoTa) VALUES (N'MA02214', N'NH022', N'Khoai tay chien', N'AnVat', 29681, N'Món Khoai tay chien tại Pizza Company Nguyen Trai');
INSERT INTO MonAn (MaMon, MaNH, TenMon, MaLoai, Gia, MoTa) VALUES (N'MA02215', N'NH022', N'Mi tom chua cay 2', N'Mi', 149453, N'Món Mi tom chua cay 2 tại Pizza Company Nguyen Trai');
INSERT INTO MonAn (MaMon, MaNH, TenMon, MaLoai, Gia, MoTa) VALUES (N'MA02216', N'NH022', N'Ca nuong giay bac', N'Haisan', 103746, N'Món Ca nuong giay bac tại Pizza Company Nguyen Trai');
INSERT INTO NhaHang (MaNH, TenNH, DiaChi, SDT, MaTK) VALUES (N'NH023', N'Bun Cha Ha Noi 1986', N'78 Nguyen Gia Tri, Binh Thanh, TP.HCM', N'0923000023', N'nhahang23');
INSERT INTO MonAn (MaMon, MaNH, TenMon, MaLoai, Gia, MoTa) VALUES (N'MA02301', N'NH023', N'Goi cuon chay', N'Chay', 79878, N'Món Goi cuon chay tại Bun Cha Ha Noi 1986');
INSERT INTO MonAn (MaMon, MaNH, TenMon, MaLoai, Gia, MoTa) VALUES (N'MA02302', N'NH023', N'Lau thai', N'Lau', 70422, N'Món Lau thai tại Bun Cha Ha Noi 1986');
INSERT INTO MonAn (MaMon, MaNH, TenMon, MaLoai, Gia, MoTa) VALUES (N'MA02303', N'NH023', N'Mi xao bo', N'Mi', 51091, N'Món Mi xao bo tại Bun Cha Ha Noi 1986');
INSERT INTO MonAn (MaMon, MaNH, TenMon, MaLoai, Gia, MoTa) VALUES (N'MA02304', N'NH023', N'Pizza thap cam', N'Pizza', 95341, N'Món Pizza thap cam tại Bun Cha Ha Noi 1986');
INSERT INTO MonAn (MaMon, MaNH, TenMon, MaLoai, Gia, MoTa) VALUES (N'MA02305', N'NH023', N'Lau kimchi', N'Lau', 22875, N'Món Lau kimchi tại Bun Cha Ha Noi 1986');
INSERT INTO MonAn (MaMon, MaNH, TenMon, MaLoai, Gia, MoTa) VALUES (N'MA02306', N'NH023', N'Beef tenderloin', N'Steak', 55976, N'Món Beef tenderloin tại Bun Cha Ha Noi 1986');
INSERT INTO MonAn (MaMon, MaNH, TenMon, MaLoai, Gia, MoTa) VALUES (N'MA02307', N'NH023', N'Com suon ram', N'Com', 133386, N'Món Com suon ram tại Bun Cha Ha Noi 1986');
INSERT INTO MonAn (MaMon, MaNH, TenMon, MaLoai, Gia, MoTa) VALUES (N'MA02308', N'NH023', N'Steak bo ribeye', N'Steak', 139356, N'Món Steak bo ribeye tại Bun Cha Ha Noi 1986');
INSERT INTO MonAn (MaMon, MaNH, TenMon, MaLoai, Gia, MoTa) VALUES (N'MA02309', N'NH023', N'Ghe hap bia', N'Haisan', 129161, N'Món Ghe hap bia tại Bun Cha Ha Noi 1986');
INSERT INTO MonAn (MaMon, MaNH, TenMon, MaLoai, Gia, MoTa) VALUES (N'MA02310', N'NH023', N'Lau thai 1', N'Lau', 99569, N'Món Lau thai 1 tại Bun Cha Ha Noi 1986');
INSERT INTO MonAn (MaMon, MaNH, TenMon, MaLoai, Gia, MoTa) VALUES (N'MA02311', N'NH023', N'Salmon nigiri', N'Sushi', 103442, N'Món Salmon nigiri tại Bun Cha Ha Noi 1986');
INSERT INTO MonAn (MaMon, MaNH, TenMon, MaLoai, Gia, MoTa) VALUES (N'MA02312', N'NH023', N'Tra sua socola', N'Trasua', 52850, N'Món Tra sua socola tại Bun Cha Ha Noi 1986');
INSERT INTO MonAn (MaMon, MaNH, TenMon, MaLoai, Gia, MoTa) VALUES (N'MA02313', N'NH023', N'Steak bo wagyu', N'Steak', 102345, N'Món Steak bo wagyu tại Bun Cha Ha Noi 1986');
INSERT INTO MonAn (MaMon, MaNH, TenMon, MaLoai, Gia, MoTa) VALUES (N'MA02314', N'NH023', N'Pho bo tai', N'Pho', 60492, N'Món Pho bo tai tại Bun Cha Ha Noi 1986');
INSERT INTO MonAn (MaMon, MaNH, TenMon, MaLoai, Gia, MoTa) VALUES (N'MA02315', N'NH023', N'Mi xao bo 1', N'Mi', 95965, N'Món Mi xao bo 1 tại Bun Cha Ha Noi 1986');
INSERT INTO MonAn (MaMon, MaNH, TenMon, MaLoai, Gia, MoTa) VALUES (N'MA02316', N'NH023', N'Salmon nigiri 1', N'Sushi', 31813, N'Món Salmon nigiri 1 tại Bun Cha Ha Noi 1986');
INSERT INTO MonAn (MaMon, MaNH, TenMon, MaLoai, Gia, MoTa) VALUES (N'MA02317', N'NH023', N'Lau kimchi 1', N'Lau', 117973, N'Món Lau kimchi 1 tại Bun Cha Ha Noi 1986');
INSERT INTO MonAn (MaMon, MaNH, TenMon, MaLoai, Gia, MoTa) VALUES (N'MA02318', N'NH023', N'Pizza pepperoni', N'Pizza', 46318, N'Món Pizza pepperoni tại Bun Cha Ha Noi 1986');
INSERT INTO MonAn (MaMon, MaNH, TenMon, MaLoai, Gia, MoTa) VALUES (N'MA02319', N'NH023', N'Bun mam', N'Bun', 134879, N'Món Bun mam tại Bun Cha Ha Noi 1986');
INSERT INTO MonAn (MaMon, MaNH, TenMon, MaLoai, Gia, MoTa) VALUES (N'MA02320', N'NH023', N'Dragon roll', N'Sushi', 85771, N'Món Dragon roll tại Bun Cha Ha Noi 1986');
INSERT INTO MonAn (MaMon, MaNH, TenMon, MaLoai, Gia, MoTa) VALUES (N'MA02321', N'NH023', N'Lau thai 2', N'Lau', 53681, N'Món Lau thai 2 tại Bun Cha Ha Noi 1986');
INSERT INTO NhaHang (MaNH, TenNH, DiaChi, SDT, MaTK) VALUES (N'NH024', N'Lau Nam Ashima', N'60 Le Quy Don, Quan 3, TP.HCM', N'0924000024', N'nhahang24');
INSERT INTO MonAn (MaMon, MaNH, TenMon, MaLoai, Gia, MoTa) VALUES (N'MA02401', N'NH024', N'Lau kimchi', N'Lau', 125412, N'Món Lau kimchi tại Lau Nam Ashima');
INSERT INTO MonAn (MaMon, MaNH, TenMon, MaLoai, Gia, MoTa) VALUES (N'MA02402', N'NH024', N'Pho chin', N'Pho', 146208, N'Món Pho chin tại Lau Nam Ashima');
INSERT INTO MonAn (MaMon, MaNH, TenMon, MaLoai, Gia, MoTa) VALUES (N'MA02403', N'NH024', N'Pho ga', N'Pho', 118848, N'Món Pho ga tại Lau Nam Ashima');
INSERT INTO MonAn (MaMon, MaNH, TenMon, MaLoai, Gia, MoTa) VALUES (N'MA02404', N'NH024', N'Tra sua hongkong', N'Trasua', 114924, N'Món Tra sua hongkong tại Lau Nam Ashima');
INSERT INTO MonAn (MaMon, MaNH, TenMon, MaLoai, Gia, MoTa) VALUES (N'MA02405', N'NH024', N'Beef tenderloin', N'Steak', 146781, N'Món Beef tenderloin tại Lau Nam Ashima');
INSERT INTO MonAn (MaMon, MaNH, TenMon, MaLoai, Gia, MoTa) VALUES (N'MA02406', N'NH024', N'Nem chua ran', N'AnVat', 31836, N'Món Nem chua ran tại Lau Nam Ashima');
INSERT INTO MonAn (MaMon, MaNH, TenMon, MaLoai, Gia, MoTa) VALUES (N'MA02407', N'NH024', N'Pizza hai san', N'Pizza', 54663, N'Món Pizza hai san tại Lau Nam Ashima');
INSERT INTO MonAn (MaMon, MaNH, TenMon, MaLoai, Gia, MoTa) VALUES (N'MA02408', N'NH024', N'Banh trang tron', N'AnVat', 79609, N'Món Banh trang tron tại Lau Nam Ashima');
INSERT INTO MonAn (MaMon, MaNH, TenMon, MaLoai, Gia, MoTa) VALUES (N'MA02409', N'NH024', N'Sashimi ca hoi', N'Sushi', 96619, N'Món Sashimi ca hoi tại Lau Nam Ashima');
INSERT INTO MonAn (MaMon, MaNH, TenMon, MaLoai, Gia, MoTa) VALUES (N'MA02410', N'NH024', N'Pizza thap cam', N'Pizza', 34201, N'Món Pizza thap cam tại Lau Nam Ashima');
INSERT INTO MonAn (MaMon, MaNH, TenMon, MaLoai, Gia, MoTa) VALUES (N'MA02411', N'NH024', N'Steak bo wagyu', N'Steak', 81797, N'Món Steak bo wagyu tại Lau Nam Ashima');
INSERT INTO MonAn (MaMon, MaNH, TenMon, MaLoai, Gia, MoTa) VALUES (N'MA02412', N'NH024', N'Com suon ram', N'Com', 135898, N'Món Com suon ram tại Lau Nam Ashima');
INSERT INTO MonAn (MaMon, MaNH, TenMon, MaLoai, Gia, MoTa) VALUES (N'MA02413', N'NH024', N'Nem chua ran 1', N'AnVat', 139964, N'Món Nem chua ran 1 tại Lau Nam Ashima');
INSERT INTO MonAn (MaMon, MaNH, TenMon, MaLoai, Gia, MoTa) VALUES (N'MA02414', N'NH024', N'Muc chien gion', N'Haisan', 104889, N'Món Muc chien gion tại Lau Nam Ashima');
INSERT INTO MonAn (MaMon, MaNH, TenMon, MaLoai, Gia, MoTa) VALUES (N'MA02415', N'NH024', N'Pho chin 1', N'Pho', 139195, N'Món Pho chin 1 tại Lau Nam Ashima');
INSERT INTO MonAn (MaMon, MaNH, TenMon, MaLoai, Gia, MoTa) VALUES (N'MA02416', N'NH024', N'Goi cuon chay', N'Chay', 105097, N'Món Goi cuon chay tại Lau Nam Ashima');
INSERT INTO MonAn (MaMon, MaNH, TenMon, MaLoai, Gia, MoTa) VALUES (N'MA02417', N'NH024', N'Pizza hai san 1', N'Pizza', 38320, N'Món Pizza hai san 1 tại Lau Nam Ashima');
INSERT INTO MonAn (MaMon, MaNH, TenMon, MaLoai, Gia, MoTa) VALUES (N'MA02418', N'NH024', N'Com tam suon bi cha', N'Com', 59893, N'Món Com tam suon bi cha tại Lau Nam Ashima');
INSERT INTO MonAn (MaMon, MaNH, TenMon, MaLoai, Gia, MoTa) VALUES (N'MA02419', N'NH024', N'Mi xao bo', N'Mi', 32739, N'Món Mi xao bo tại Lau Nam Ashima');
INSERT INTO MonAn (MaMon, MaNH, TenMon, MaLoai, Gia, MoTa) VALUES (N'MA02420', N'NH024', N'Tra sua socola', N'Trasua', 37781, N'Món Tra sua socola tại Lau Nam Ashima');
INSERT INTO MonAn (MaMon, MaNH, TenMon, MaLoai, Gia, MoTa) VALUES (N'MA02421', N'NH024', N'Pizza vegetarian', N'Pizza', 68629, N'Món Pizza vegetarian tại Lau Nam Ashima');
INSERT INTO MonAn (MaMon, MaNH, TenMon, MaLoai, Gia, MoTa) VALUES (N'MA02422', N'NH024', N'Beef tenderloin 1', N'Steak', 96983, N'Món Beef tenderloin 1 tại Lau Nam Ashima');
INSERT INTO NhaHang (MaNH, TenNH, DiaChi, SDT, MaTK) VALUES (N'NH025', N'Ga U Muoi Hoa Tieu', N'71 Truong Chinh, Tan Binh, TP.HCM', N'0925000025', N'nhahang25');
INSERT INTO MonAn (MaMon, MaNH, TenMon, MaLoai, Gia, MoTa) VALUES (N'MA02501', N'NH025', N'Pizza hai san', N'Pizza', 129273, N'Món Pizza hai san tại Ga U Muoi Hoa Tieu');
INSERT INTO MonAn (MaMon, MaNH, TenMon, MaLoai, Gia, MoTa) VALUES (N'MA02502', N'NH025', N'Mi Quang', N'Mi', 143083, N'Món Mi Quang tại Ga U Muoi Hoa Tieu');
INSERT INTO MonAn (MaMon, MaNH, TenMon, MaLoai, Gia, MoTa) VALUES (N'MA02503', N'NH025', N'Lau hai san', N'Lau', 110476, N'Món Lau hai san tại Ga U Muoi Hoa Tieu');
INSERT INTO MonAn (MaMon, MaNH, TenMon, MaLoai, Gia, MoTa) VALUES (N'MA02504', N'NH025', N'Salmon nigiri', N'Sushi', 78115, N'Món Salmon nigiri tại Ga U Muoi Hoa Tieu');
INSERT INTO MonAn (MaMon, MaNH, TenMon, MaLoai, Gia, MoTa) VALUES (N'MA02505', N'NH025', N'Mi hoanh thanh', N'Mi', 132125, N'Món Mi hoanh thanh tại Ga U Muoi Hoa Tieu');
INSERT INTO MonAn (MaMon, MaNH, TenMon, MaLoai, Gia, MoTa) VALUES (N'MA02506', N'NH025', N'Sushi ca hoi', N'Sushi', 148572, N'Món Sushi ca hoi tại Ga U Muoi Hoa Tieu');
INSERT INTO MonAn (MaMon, MaNH, TenMon, MaLoai, Gia, MoTa) VALUES (N'MA02507', N'NH025', N'Steak ga', N'Steak', 91364, N'Món Steak ga tại Ga U Muoi Hoa Tieu');
INSERT INTO MonAn (MaMon, MaNH, TenMon, MaLoai, Gia, MoTa) VALUES (N'MA02508', N'NH025', N'Steak ga 1', N'Steak', 27936, N'Món Steak ga 1 tại Ga U Muoi Hoa Tieu');
INSERT INTO MonAn (MaMon, MaNH, TenMon, MaLoai, Gia, MoTa) VALUES (N'MA02509', N'NH025', N'Pizza thap cam', N'Pizza', 44878, N'Món Pizza thap cam tại Ga U Muoi Hoa Tieu');
INSERT INTO MonAn (MaMon, MaNH, TenMon, MaLoai, Gia, MoTa) VALUES (N'MA02510', N'NH025', N'Pho chin', N'Pho', 32015, N'Món Pho chin tại Ga U Muoi Hoa Tieu');
INSERT INTO MonAn (MaMon, MaNH, TenMon, MaLoai, Gia, MoTa) VALUES (N'MA02511', N'NH025', N'Steak bo wagyu', N'Steak', 104109, N'Món Steak bo wagyu tại Ga U Muoi Hoa Tieu');
INSERT INTO MonAn (MaMon, MaNH, TenMon, MaLoai, Gia, MoTa) VALUES (N'MA02512', N'NH025', N'Steak bo ribeye', N'Steak', 26629, N'Món Steak bo ribeye tại Ga U Muoi Hoa Tieu');
INSERT INTO MonAn (MaMon, MaNH, TenMon, MaLoai, Gia, MoTa) VALUES (N'MA02513', N'NH025', N'Salmon nigiri 1', N'Sushi', 149606, N'Món Salmon nigiri 1 tại Ga U Muoi Hoa Tieu');
INSERT INTO MonAn (MaMon, MaNH, TenMon, MaLoai, Gia, MoTa) VALUES (N'MA02514', N'NH025', N'Bun mam', N'Bun', 46896, N'Món Bun mam tại Ga U Muoi Hoa Tieu');
INSERT INTO MonAn (MaMon, MaNH, TenMon, MaLoai, Gia, MoTa) VALUES (N'MA02515', N'NH025', N'Pho bo vien', N'Pho', 47152, N'Món Pho bo vien tại Ga U Muoi Hoa Tieu');
INSERT INTO MonAn (MaMon, MaNH, TenMon, MaLoai, Gia, MoTa) VALUES (N'MA02516', N'NH025', N'Muc chien gion', N'Haisan', 126568, N'Món Muc chien gion tại Ga U Muoi Hoa Tieu');
INSERT INTO MonAn (MaMon, MaNH, TenMon, MaLoai, Gia, MoTa) VALUES (N'MA02517', N'NH025', N'Tra sua matcha', N'Trasua', 121498, N'Món Tra sua matcha tại Ga U Muoi Hoa Tieu');
INSERT INTO NhaHang (MaNH, TenNH, DiaChi, SDT, MaTK) VALUES (N'NH026', N'Com Nieu Vien Dong', N'91 Le Loi, Quan 1, TP.HCM', N'0926000026', N'nhahang26');
INSERT INTO MonAn (MaMon, MaNH, TenMon, MaLoai, Gia, MoTa) VALUES (N'MA02601', N'NH026', N'Tom nuong muoi ot', N'Haisan', 56342, N'Món Tom nuong muoi ot tại Com Nieu Vien Dong');
INSERT INTO MonAn (MaMon, MaNH, TenMon, MaLoai, Gia, MoTa) VALUES (N'MA02602', N'NH026', N'Bun cha', N'Bun', 90807, N'Món Bun cha tại Com Nieu Vien Dong');
INSERT INTO MonAn (MaMon, MaNH, TenMon, MaLoai, Gia, MoTa) VALUES (N'MA02603', N'NH026', N'Lau thai', N'Lau', 34408, N'Món Lau thai tại Com Nieu Vien Dong');
INSERT INTO MonAn (MaMon, MaNH, TenMon, MaLoai, Gia, MoTa) VALUES (N'MA02604', N'NH026', N'Steak bo ribeye', N'Steak', 37275, N'Món Steak bo ribeye tại Com Nieu Vien Dong');
INSERT INTO MonAn (MaMon, MaNH, TenMon, MaLoai, Gia, MoTa) VALUES (N'MA02605', N'NH026', N'Com chay', N'Com', 123544, N'Món Com chay tại Com Nieu Vien Dong');
INSERT INTO MonAn (MaMon, MaNH, TenMon, MaLoai, Gia, MoTa) VALUES (N'MA02606', N'NH026', N'Tra sua socola', N'Trasua', 62437, N'Món Tra sua socola tại Com Nieu Vien Dong');
INSERT INTO MonAn (MaMon, MaNH, TenMon, MaLoai, Gia, MoTa) VALUES (N'MA02607', N'NH026', N'Com rang dua', N'Com', 54782, N'Món Com rang dua tại Com Nieu Vien Dong');
INSERT INTO MonAn (MaMon, MaNH, TenMon, MaLoai, Gia, MoTa) VALUES (N'MA02608', N'NH026', N'Com rang dua 1', N'Com', 117218, N'Món Com rang dua 1 tại Com Nieu Vien Dong');
INSERT INTO MonAn (MaMon, MaNH, TenMon, MaLoai, Gia, MoTa) VALUES (N'MA02609', N'NH026', N'Pizza hai san', N'Pizza', 117735, N'Món Pizza hai san tại Com Nieu Vien Dong');
INSERT INTO MonAn (MaMon, MaNH, TenMon, MaLoai, Gia, MoTa) VALUES (N'MA02610', N'NH026', N'Pho chin', N'Pho', 78756, N'Món Pho chin tại Com Nieu Vien Dong');
INSERT INTO MonAn (MaMon, MaNH, TenMon, MaLoai, Gia, MoTa) VALUES (N'MA02611', N'NH026', N'Dragon roll', N'Sushi', 97812, N'Món Dragon roll tại Com Nieu Vien Dong');
INSERT INTO MonAn (MaMon, MaNH, TenMon, MaLoai, Gia, MoTa) VALUES (N'MA02612', N'NH026', N'Pho chin 1', N'Pho', 86039, N'Món Pho chin 1 tại Com Nieu Vien Dong');
INSERT INTO MonAn (MaMon, MaNH, TenMon, MaLoai, Gia, MoTa) VALUES (N'MA02613', N'NH026', N'Tra sua socola 1', N'Trasua', 25683, N'Món Tra sua socola 1 tại Com Nieu Vien Dong');
INSERT INTO MonAn (MaMon, MaNH, TenMon, MaLoai, Gia, MoTa) VALUES (N'MA02614', N'NH026', N'Goi cuon chay', N'Chay', 80036, N'Món Goi cuon chay tại Com Nieu Vien Dong');
INSERT INTO MonAn (MaMon, MaNH, TenMon, MaLoai, Gia, MoTa) VALUES (N'MA02615', N'NH026', N'Steak bo ribeye 1', N'Steak', 27972, N'Món Steak bo ribeye 1 tại Com Nieu Vien Dong');
INSERT INTO MonAn (MaMon, MaNH, TenMon, MaLoai, Gia, MoTa) VALUES (N'MA02616', N'NH026', N'Mi Quang', N'Mi', 75872, N'Món Mi Quang tại Com Nieu Vien Dong');
INSERT INTO MonAn (MaMon, MaNH, TenMon, MaLoai, Gia, MoTa) VALUES (N'MA02617', N'NH026', N'Steak bo ribeye 2', N'Steak', 84260, N'Món Steak bo ribeye 2 tại Com Nieu Vien Dong');
INSERT INTO NhaHang (MaNH, TenNH, DiaChi, SDT, MaTK) VALUES (N'NH027', N'Lau Nuong Panda', N'17 Dien Bien Phu, Binh Thanh, TP.HCM', N'0927000027', N'nhahang27');
INSERT INTO MonAn (MaMon, MaNH, TenMon, MaLoai, Gia, MoTa) VALUES (N'MA02701', N'NH027', N'Pho bo tai', N'Pho', 62219, N'Món Pho bo tai tại Lau Nuong Panda');
INSERT INTO MonAn (MaMon, MaNH, TenMon, MaLoai, Gia, MoTa) VALUES (N'MA02702', N'NH027', N'Muc chien gion', N'Haisan', 28609, N'Món Muc chien gion tại Lau Nuong Panda');
INSERT INTO MonAn (MaMon, MaNH, TenMon, MaLoai, Gia, MoTa) VALUES (N'MA02703', N'NH027', N'Bun thit nuong', N'Bun', 101830, N'Món Bun thit nuong tại Lau Nuong Panda');
INSERT INTO MonAn (MaMon, MaNH, TenMon, MaLoai, Gia, MoTa) VALUES (N'MA02704', N'NH027', N'Steak ga', N'Steak', 69925, N'Món Steak ga tại Lau Nuong Panda');
INSERT INTO MonAn (MaMon, MaNH, TenMon, MaLoai, Gia, MoTa) VALUES (N'MA02705', N'NH027', N'Hau nuong', N'Haisan', 58652, N'Món Hau nuong tại Lau Nuong Panda');
INSERT INTO MonAn (MaMon, MaNH, TenMon, MaLoai, Gia, MoTa) VALUES (N'MA02706', N'NH027', N'Mi Quang', N'Mi', 32999, N'Món Mi Quang tại Lau Nuong Panda');
INSERT INTO MonAn (MaMon, MaNH, TenMon, MaLoai, Gia, MoTa) VALUES (N'MA02707', N'NH027', N'Lau nam chay', N'Chay', 131777, N'Món Lau nam chay tại Lau Nuong Panda');
INSERT INTO MonAn (MaMon, MaNH, TenMon, MaLoai, Gia, MoTa) VALUES (N'MA02708', N'NH027', N'Steak bo wagyu', N'Steak', 76370, N'Món Steak bo wagyu tại Lau Nuong Panda');
INSERT INTO MonAn (MaMon, MaNH, TenMon, MaLoai, Gia, MoTa) VALUES (N'MA02709', N'NH027', N'Mi hoanh thanh', N'Mi', 74239, N'Món Mi hoanh thanh tại Lau Nuong Panda');
INSERT INTO MonAn (MaMon, MaNH, TenMon, MaLoai, Gia, MoTa) VALUES (N'MA02710', N'NH027', N'California roll', N'Sushi', 72262, N'Món California roll tại Lau Nuong Panda');
INSERT INTO MonAn (MaMon, MaNH, TenMon, MaLoai, Gia, MoTa) VALUES (N'MA02711', N'NH027', N'Pizza hai san', N'Pizza', 60966, N'Món Pizza hai san tại Lau Nuong Panda');
INSERT INTO MonAn (MaMon, MaNH, TenMon, MaLoai, Gia, MoTa) VALUES (N'MA02712', N'NH027', N'Pizza thap cam', N'Pizza', 107177, N'Món Pizza thap cam tại Lau Nuong Panda');
INSERT INTO MonAn (MaMon, MaNH, TenMon, MaLoai, Gia, MoTa) VALUES (N'MA02713', N'NH027', N'Lau kimchi', N'Lau', 144989, N'Món Lau kimchi tại Lau Nuong Panda');
INSERT INTO MonAn (MaMon, MaNH, TenMon, MaLoai, Gia, MoTa) VALUES (N'MA02714', N'NH027', N'Bun bo nam bo', N'Bun', 140977, N'Món Bun bo nam bo tại Lau Nuong Panda');
INSERT INTO MonAn (MaMon, MaNH, TenMon, MaLoai, Gia, MoTa) VALUES (N'MA02715', N'NH027', N'Mi xao bo', N'Mi', 31957, N'Món Mi xao bo tại Lau Nuong Panda');
INSERT INTO MonAn (MaMon, MaNH, TenMon, MaLoai, Gia, MoTa) VALUES (N'MA02716', N'NH027', N'Pho bo tai 1', N'Pho', 76606, N'Món Pho bo tai 1 tại Lau Nuong Panda');
INSERT INTO MonAn (MaMon, MaNH, TenMon, MaLoai, Gia, MoTa) VALUES (N'MA02717', N'NH027', N'Pho dac biet', N'Pho', 126400, N'Món Pho dac biet tại Lau Nuong Panda');
INSERT INTO MonAn (MaMon, MaNH, TenMon, MaLoai, Gia, MoTa) VALUES (N'MA02718', N'NH027', N'Bun mam', N'Bun', 27861, N'Món Bun mam tại Lau Nuong Panda');
INSERT INTO MonAn (MaMon, MaNH, TenMon, MaLoai, Gia, MoTa) VALUES (N'MA02719', N'NH027', N'Hau nuong 1', N'Haisan', 93620, N'Món Hau nuong 1 tại Lau Nuong Panda');
INSERT INTO MonAn (MaMon, MaNH, TenMon, MaLoai, Gia, MoTa) VALUES (N'MA02720', N'NH027', N'Sushi ca hoi', N'Sushi', 73845, N'Món Sushi ca hoi tại Lau Nuong Panda');
INSERT INTO MonAn (MaMon, MaNH, TenMon, MaLoai, Gia, MoTa) VALUES (N'MA02721', N'NH027', N'California roll 1', N'Sushi', 133782, N'Món California roll 1 tại Lau Nuong Panda');
INSERT INTO MonAn (MaMon, MaNH, TenMon, MaLoai, Gia, MoTa) VALUES (N'MA02722', N'NH027', N'Lau nam chay 1', N'Chay', 146929, N'Món Lau nam chay 1 tại Lau Nuong Panda');
INSERT INTO NhaHang (MaNH, TenNH, DiaChi, SDT, MaTK) VALUES (N'NH028', N'Pho Thin Ha Noi', N'35 Nguyen Du, Quan 1, TP.HCM', N'0928000028', N'nhahang28');
INSERT INTO MonAn (MaMon, MaNH, TenMon, MaLoai, Gia, MoTa) VALUES (N'MA02801', N'NH028', N'Ca nuong giay bac', N'Haisan', 66090, N'Món Ca nuong giay bac tại Pho Thin Ha Noi');
INSERT INTO MonAn (MaMon, MaNH, TenMon, MaLoai, Gia, MoTa) VALUES (N'MA02802', N'NH028', N'Pho bo vien', N'Pho', 86507, N'Món Pho bo vien tại Pho Thin Ha Noi');
INSERT INTO MonAn (MaMon, MaNH, TenMon, MaLoai, Gia, MoTa) VALUES (N'MA02803', N'NH028', N'Tra sua tran chau hoang kim', N'Trasua', 106079, N'Món Tra sua tran chau hoang kim tại Pho Thin Ha Noi');
INSERT INTO MonAn (MaMon, MaNH, TenMon, MaLoai, Gia, MoTa) VALUES (N'MA02804', N'NH028', N'Mi hoanh thanh', N'Mi', 131054, N'Món Mi hoanh thanh tại Pho Thin Ha Noi');
INSERT INTO MonAn (MaMon, MaNH, TenMon, MaLoai, Gia, MoTa) VALUES (N'MA02805', N'NH028', N'Pho dac biet', N'Pho', 130804, N'Món Pho dac biet tại Pho Thin Ha Noi');
INSERT INTO MonAn (MaMon, MaNH, TenMon, MaLoai, Gia, MoTa) VALUES (N'MA02806', N'NH028', N'Nem chua ran', N'AnVat', 35058, N'Món Nem chua ran tại Pho Thin Ha Noi');
INSERT INTO MonAn (MaMon, MaNH, TenMon, MaLoai, Gia, MoTa) VALUES (N'MA02807', N'NH028', N'Lau bo tom', N'Lau', 49643, N'Món Lau bo tom tại Pho Thin Ha Noi');
INSERT INTO MonAn (MaMon, MaNH, TenMon, MaLoai, Gia, MoTa) VALUES (N'MA02808', N'NH028', N'Pizza hai san', N'Pizza', 99822, N'Món Pizza hai san tại Pho Thin Ha Noi');
INSERT INTO MonAn (MaMon, MaNH, TenMon, MaLoai, Gia, MoTa) VALUES (N'MA02809', N'NH028', N'Steak ga', N'Steak', 23794, N'Món Steak ga tại Pho Thin Ha Noi');
INSERT INTO MonAn (MaMon, MaNH, TenMon, MaLoai, Gia, MoTa) VALUES (N'MA02810', N'NH028', N'Bun thit nuong', N'Bun', 112104, N'Món Bun thit nuong tại Pho Thin Ha Noi');
INSERT INTO MonAn (MaMon, MaNH, TenMon, MaLoai, Gia, MoTa) VALUES (N'MA02811', N'NH028', N'Lau kimchi', N'Lau', 66009, N'Món Lau kimchi tại Pho Thin Ha Noi');
INSERT INTO MonAn (MaMon, MaNH, TenMon, MaLoai, Gia, MoTa) VALUES (N'MA02812', N'NH028', N'Com rang dua', N'Com', 134014, N'Món Com rang dua tại Pho Thin Ha Noi');
INSERT INTO MonAn (MaMon, MaNH, TenMon, MaLoai, Gia, MoTa) VALUES (N'MA02813', N'NH028', N'Bun mam', N'Bun', 106159, N'Món Bun mam tại Pho Thin Ha Noi');
INSERT INTO MonAn (MaMon, MaNH, TenMon, MaLoai, Gia, MoTa) VALUES (N'MA02814', N'NH028', N'Pizza hai san 1', N'Pizza', 38595, N'Món Pizza hai san 1 tại Pho Thin Ha Noi');
INSERT INTO MonAn (MaMon, MaNH, TenMon, MaLoai, Gia, MoTa) VALUES (N'MA02815', N'NH028', N'Lau nam chay', N'Chay', 32026, N'Món Lau nam chay tại Pho Thin Ha Noi');
INSERT INTO MonAn (MaMon, MaNH, TenMon, MaLoai, Gia, MoTa) VALUES (N'MA02816', N'NH028', N'Com chay dua', N'Chay', 69308, N'Món Com chay dua tại Pho Thin Ha Noi');
INSERT INTO MonAn (MaMon, MaNH, TenMon, MaLoai, Gia, MoTa) VALUES (N'MA02817', N'NH028', N'Pizza vegetarian', N'Pizza', 64681, N'Món Pizza vegetarian tại Pho Thin Ha Noi');
INSERT INTO MonAn (MaMon, MaNH, TenMon, MaLoai, Gia, MoTa) VALUES (N'MA02818', N'NH028', N'Bun thit nuong 1', N'Bun', 60846, N'Món Bun thit nuong 1 tại Pho Thin Ha Noi');
INSERT INTO MonAn (MaMon, MaNH, TenMon, MaLoai, Gia, MoTa) VALUES (N'MA02819', N'NH028', N'Goi cuon chay', N'Chay', 121821, N'Món Goi cuon chay tại Pho Thin Ha Noi');
INSERT INTO NhaHang (MaNH, TenNH, DiaChi, SDT, MaTK) VALUES (N'NH029', N'Banh Xeo Mien Tay', N'68 Le Van Sy, Quan 3, TP.HCM', N'0929000029', N'nhahang29');
INSERT INTO MonAn (MaMon, MaNH, TenMon, MaLoai, Gia, MoTa) VALUES (N'MA02901', N'NH029', N'Tom nuong muoi ot', N'Haisan', 135781, N'Món Tom nuong muoi ot tại Banh Xeo Mien Tay');
INSERT INTO MonAn (MaMon, MaNH, TenMon, MaLoai, Gia, MoTa) VALUES (N'MA02902', N'NH029', N'Com rang dua', N'Com', 40632, N'Món Com rang dua tại Banh Xeo Mien Tay');
INSERT INTO MonAn (MaMon, MaNH, TenMon, MaLoai, Gia, MoTa) VALUES (N'MA02903', N'NH029', N'Tom nuong muoi ot 1', N'Haisan', 108338, N'Món Tom nuong muoi ot 1 tại Banh Xeo Mien Tay');
INSERT INTO MonAn (MaMon, MaNH, TenMon, MaLoai, Gia, MoTa) VALUES (N'MA02904', N'NH029', N'Pho dac biet', N'Pho', 78079, N'Món Pho dac biet tại Banh Xeo Mien Tay');
INSERT INTO MonAn (MaMon, MaNH, TenMon, MaLoai, Gia, MoTa) VALUES (N'MA02905', N'NH029', N'Beef tenderloin', N'Steak', 83656, N'Món Beef tenderloin tại Banh Xeo Mien Tay');
INSERT INTO MonAn (MaMon, MaNH, TenMon, MaLoai, Gia, MoTa) VALUES (N'MA02906', N'NH029', N'Ghe hap bia', N'Haisan', 74287, N'Món Ghe hap bia tại Banh Xeo Mien Tay');
INSERT INTO MonAn (MaMon, MaNH, TenMon, MaLoai, Gia, MoTa) VALUES (N'MA02907', N'NH029', N'Lau thai', N'Lau', 118951, N'Món Lau thai tại Banh Xeo Mien Tay');
INSERT INTO MonAn (MaMon, MaNH, TenMon, MaLoai, Gia, MoTa) VALUES (N'MA02908', N'NH029', N'Banh trang tron', N'AnVat', 65242, N'Món Banh trang tron tại Banh Xeo Mien Tay');
INSERT INTO MonAn (MaMon, MaNH, TenMon, MaLoai, Gia, MoTa) VALUES (N'MA02909', N'NH029', N'Pizza hai san', N'Pizza', 57125, N'Món Pizza hai san tại Banh Xeo Mien Tay');
INSERT INTO MonAn (MaMon, MaNH, TenMon, MaLoai, Gia, MoTa) VALUES (N'MA02910', N'NH029', N'Beef tenderloin 1', N'Steak', 89066, N'Món Beef tenderloin 1 tại Banh Xeo Mien Tay');
INSERT INTO MonAn (MaMon, MaNH, TenMon, MaLoai, Gia, MoTa) VALUES (N'MA02911', N'NH029', N'Steak ga', N'Steak', 25952, N'Món Steak ga tại Banh Xeo Mien Tay');
INSERT INTO MonAn (MaMon, MaNH, TenMon, MaLoai, Gia, MoTa) VALUES (N'MA02912', N'NH029', N'Tra sua oolong', N'Trasua', 149033, N'Món Tra sua oolong tại Banh Xeo Mien Tay');
INSERT INTO MonAn (MaMon, MaNH, TenMon, MaLoai, Gia, MoTa) VALUES (N'MA02913', N'NH029', N'Tom nuong muoi ot 2', N'Haisan', 21007, N'Món Tom nuong muoi ot 2 tại Banh Xeo Mien Tay');
INSERT INTO MonAn (MaMon, MaNH, TenMon, MaLoai, Gia, MoTa) VALUES (N'MA02914', N'NH029', N'Tra sua matcha', N'Trasua', 143905, N'Món Tra sua matcha tại Banh Xeo Mien Tay');
INSERT INTO MonAn (MaMon, MaNH, TenMon, MaLoai, Gia, MoTa) VALUES (N'MA02915', N'NH029', N'Tra sua tran chau hoang kim', N'Trasua', 120160, N'Món Tra sua tran chau hoang kim tại Banh Xeo Mien Tay');
INSERT INTO MonAn (MaMon, MaNH, TenMon, MaLoai, Gia, MoTa) VALUES (N'MA02916', N'NH029', N'Lau kimchi', N'Lau', 63007, N'Món Lau kimchi tại Banh Xeo Mien Tay');
INSERT INTO MonAn (MaMon, MaNH, TenMon, MaLoai, Gia, MoTa) VALUES (N'MA02917', N'NH029', N'Pho bo tai', N'Pho', 85193, N'Món Pho bo tai tại Banh Xeo Mien Tay');
INSERT INTO MonAn (MaMon, MaNH, TenMon, MaLoai, Gia, MoTa) VALUES (N'MA02918', N'NH029', N'Bun chay Huong Sen', N'Chay', 43028, N'Món Bun chay Huong Sen tại Banh Xeo Mien Tay');
INSERT INTO MonAn (MaMon, MaNH, TenMon, MaLoai, Gia, MoTa) VALUES (N'MA02919', N'NH029', N'Bun rieu cua', N'Bun', 89806, N'Món Bun rieu cua tại Banh Xeo Mien Tay');
INSERT INTO MonAn (MaMon, MaNH, TenMon, MaLoai, Gia, MoTa) VALUES (N'MA02920', N'NH029', N'Com chay dua', N'Chay', 85570, N'Món Com chay dua tại Banh Xeo Mien Tay');
INSERT INTO MonAn (MaMon, MaNH, TenMon, MaLoai, Gia, MoTa) VALUES (N'MA02921', N'NH029', N'Nem chua ran', N'AnVat', 29447, N'Món Nem chua ran tại Banh Xeo Mien Tay');
INSERT INTO MonAn (MaMon, MaNH, TenMon, MaLoai, Gia, MoTa) VALUES (N'MA02922', N'NH029', N'Pizza hai san 1', N'Pizza', 77176, N'Món Pizza hai san 1 tại Banh Xeo Mien Tay');
INSERT INTO MonAn (MaMon, MaNH, TenMon, MaLoai, Gia, MoTa) VALUES (N'MA02923', N'NH029', N'Com ga hai nam', N'Com', 140738, N'Món Com ga hai nam tại Banh Xeo Mien Tay');
INSERT INTO MonAn (MaMon, MaNH, TenMon, MaLoai, Gia, MoTa) VALUES (N'MA02924', N'NH029', N'Pho dac biet 1', N'Pho', 95465, N'Món Pho dac biet 1 tại Banh Xeo Mien Tay');
INSERT INTO NhaHang (MaNH, TenNH, DiaChi, SDT, MaTK) VALUES (N'NH030', N'Bun Rieu Ganh', N'83 Cach Mang Thang 8, Quan 10, TP.HCM', N'0930000030', N'nhahang30');
INSERT INTO MonAn (MaMon, MaNH, TenMon, MaLoai, Gia, MoTa) VALUES (N'MA03001', N'NH030', N'Ghe hap bia', N'Haisan', 112995, N'Món Ghe hap bia tại Bun Rieu Ganh');
INSERT INTO MonAn (MaMon, MaNH, TenMon, MaLoai, Gia, MoTa) VALUES (N'MA03002', N'NH030', N'Beef tenderloin', N'Steak', 57947, N'Món Beef tenderloin tại Bun Rieu Ganh');
INSERT INTO MonAn (MaMon, MaNH, TenMon, MaLoai, Gia, MoTa) VALUES (N'MA03003', N'NH030', N'Pho chin', N'Pho', 22733, N'Món Pho chin tại Bun Rieu Ganh');
INSERT INTO MonAn (MaMon, MaNH, TenMon, MaLoai, Gia, MoTa) VALUES (N'MA03004', N'NH030', N'Salmon nigiri', N'Sushi', 125030, N'Món Salmon nigiri tại Bun Rieu Ganh');
INSERT INTO MonAn (MaMon, MaNH, TenMon, MaLoai, Gia, MoTa) VALUES (N'MA03005', N'NH030', N'Ghe hap bia 1', N'Haisan', 129055, N'Món Ghe hap bia 1 tại Bun Rieu Ganh');
INSERT INTO MonAn (MaMon, MaNH, TenMon, MaLoai, Gia, MoTa) VALUES (N'MA03006', N'NH030', N'Goi cuon chay', N'Chay', 31551, N'Món Goi cuon chay tại Bun Rieu Ganh');
INSERT INTO MonAn (MaMon, MaNH, TenMon, MaLoai, Gia, MoTa) VALUES (N'MA03007', N'NH030', N'Pizza hai san', N'Pizza', 51891, N'Món Pizza hai san tại Bun Rieu Ganh');
INSERT INTO MonAn (MaMon, MaNH, TenMon, MaLoai, Gia, MoTa) VALUES (N'MA03008', N'NH030', N'Pizza vegetarian', N'Pizza', 88676, N'Món Pizza vegetarian tại Bun Rieu Ganh');
INSERT INTO MonAn (MaMon, MaNH, TenMon, MaLoai, Gia, MoTa) VALUES (N'MA03009', N'NH030', N'Pho chin 1', N'Pho', 134101, N'Món Pho chin 1 tại Bun Rieu Ganh');
INSERT INTO MonAn (MaMon, MaNH, TenMon, MaLoai, Gia, MoTa) VALUES (N'MA03010', N'NH030', N'Lau kimchi', N'Lau', 49041, N'Món Lau kimchi tại Bun Rieu Ganh');
INSERT INTO MonAn (MaMon, MaNH, TenMon, MaLoai, Gia, MoTa) VALUES (N'MA03011', N'NH030', N'Salmon nigiri 1', N'Sushi', 30011, N'Món Salmon nigiri 1 tại Bun Rieu Ganh');
INSERT INTO MonAn (MaMon, MaNH, TenMon, MaLoai, Gia, MoTa) VALUES (N'MA03012', N'NH030', N'Banh trang tron', N'AnVat', 89547, N'Món Banh trang tron tại Bun Rieu Ganh');
INSERT INTO MonAn (MaMon, MaNH, TenMon, MaLoai, Gia, MoTa) VALUES (N'MA03013', N'NH030', N'Khoai tay chien', N'AnVat', 138741, N'Món Khoai tay chien tại Bun Rieu Ganh');
INSERT INTO MonAn (MaMon, MaNH, TenMon, MaLoai, Gia, MoTa) VALUES (N'MA03014', N'NH030', N'Sashimi ca hoi', N'Sushi', 115339, N'Món Sashimi ca hoi tại Bun Rieu Ganh');
INSERT INTO MonAn (MaMon, MaNH, TenMon, MaLoai, Gia, MoTa) VALUES (N'MA03015', N'NH030', N'Steak bo wagyu', N'Steak', 50968, N'Món Steak bo wagyu tại Bun Rieu Ganh');
INSERT INTO MonAn (MaMon, MaNH, TenMon, MaLoai, Gia, MoTa) VALUES (N'MA03016', N'NH030', N'Pho ga', N'Pho', 53550, N'Món Pho ga tại Bun Rieu Ganh');
INSERT INTO MonAn (MaMon, MaNH, TenMon, MaLoai, Gia, MoTa) VALUES (N'MA03017', N'NH030', N'Tra sua tran chau hoang kim', N'Trasua', 98957, N'Món Tra sua tran chau hoang kim tại Bun Rieu Ganh');
INSERT INTO MonAn (MaMon, MaNH, TenMon, MaLoai, Gia, MoTa) VALUES (N'MA03018', N'NH030', N'Bun bo nam bo', N'Bun', 29876, N'Món Bun bo nam bo tại Bun Rieu Ganh');
INSERT INTO MonAn (MaMon, MaNH, TenMon, MaLoai, Gia, MoTa) VALUES (N'MA03019', N'NH030', N'Bun bo nam bo 1', N'Bun', 84764, N'Món Bun bo nam bo 1 tại Bun Rieu Ganh');
INSERT INTO MonAn (MaMon, MaNH, TenMon, MaLoai, Gia, MoTa) VALUES (N'MA03020', N'NH030', N'Mi Quang', N'Mi', 109277, N'Món Mi Quang tại Bun Rieu Ganh');
INSERT INTO MonAn (MaMon, MaNH, TenMon, MaLoai, Gia, MoTa) VALUES (N'MA03021', N'NH030', N'Hau nuong', N'Haisan', 62363, N'Món Hau nuong tại Bun Rieu Ganh');
INSERT INTO NhaHang (MaNH, TenNH, DiaChi, SDT, MaTK) VALUES (N'NH031', N'Steak House Cowboy Jack', N'Vincom Le Thanh Ton, Quan 1, TP.HCM', N'0931000031', N'nhahang31');
INSERT INTO MonAn (MaMon, MaNH, TenMon, MaLoai, Gia, MoTa) VALUES (N'MA03101', N'NH031', N'Salmon nigiri', N'Sushi', 77640, N'Món Salmon nigiri tại Steak House Cowboy Jack');
INSERT INTO MonAn (MaMon, MaNH, TenMon, MaLoai, Gia, MoTa) VALUES (N'MA03102', N'NH031', N'Pho chin', N'Pho', 77961, N'Món Pho chin tại Steak House Cowboy Jack');
INSERT INTO MonAn (MaMon, MaNH, TenMon, MaLoai, Gia, MoTa) VALUES (N'MA03103', N'NH031', N'Steak ga', N'Steak', 124376, N'Món Steak ga tại Steak House Cowboy Jack');
INSERT INTO MonAn (MaMon, MaNH, TenMon, MaLoai, Gia, MoTa) VALUES (N'MA03104', N'NH031', N'Lau bo tom', N'Lau', 27362, N'Món Lau bo tom tại Steak House Cowboy Jack');
INSERT INTO MonAn (MaMon, MaNH, TenMon, MaLoai, Gia, MoTa) VALUES (N'MA03105', N'NH031', N'Dragon roll', N'Sushi', 29724, N'Món Dragon roll tại Steak House Cowboy Jack');
INSERT INTO MonAn (MaMon, MaNH, TenMon, MaLoai, Gia, MoTa) VALUES (N'MA03106', N'NH031', N'Lau nam chay', N'Lau', 79233, N'Món Lau nam chay tại Steak House Cowboy Jack');
INSERT INTO MonAn (MaMon, MaNH, TenMon, MaLoai, Gia, MoTa) VALUES (N'MA03107', N'NH031', N'Com tam suon bi cha', N'Com', 68331, N'Món Com tam suon bi cha tại Steak House Cowboy Jack');
INSERT INTO MonAn (MaMon, MaNH, TenMon, MaLoai, Gia, MoTa) VALUES (N'MA03108', N'NH031', N'Lau hai san', N'Lau', 104497, N'Món Lau hai san tại Steak House Cowboy Jack');
INSERT INTO MonAn (MaMon, MaNH, TenMon, MaLoai, Gia, MoTa) VALUES (N'MA03109', N'NH031', N'Pho bo vien', N'Pho', 97867, N'Món Pho bo vien tại Steak House Cowboy Jack');
INSERT INTO MonAn (MaMon, MaNH, TenMon, MaLoai, Gia, MoTa) VALUES (N'MA03110', N'NH031', N'Banh mi kep', N'AnVat', 80648, N'Món Banh mi kep tại Steak House Cowboy Jack');
INSERT INTO MonAn (MaMon, MaNH, TenMon, MaLoai, Gia, MoTa) VALUES (N'MA03111', N'NH031', N'Hau nuong', N'Haisan', 145073, N'Món Hau nuong tại Steak House Cowboy Jack');
INSERT INTO MonAn (MaMon, MaNH, TenMon, MaLoai, Gia, MoTa) VALUES (N'MA03112', N'NH031', N'Lau nam chay 1', N'Chay', 78947, N'Món Lau nam chay 1 tại Steak House Cowboy Jack');
INSERT INTO MonAn (MaMon, MaNH, TenMon, MaLoai, Gia, MoTa) VALUES (N'MA03113', N'NH031', N'Muc chien gion', N'Haisan', 62143, N'Món Muc chien gion tại Steak House Cowboy Jack');
INSERT INTO MonAn (MaMon, MaNH, TenMon, MaLoai, Gia, MoTa) VALUES (N'MA03114', N'NH031', N'Ghe hap bia', N'Haisan', 85715, N'Món Ghe hap bia tại Steak House Cowboy Jack');
INSERT INTO MonAn (MaMon, MaNH, TenMon, MaLoai, Gia, MoTa) VALUES (N'MA03115', N'NH031', N'Bun bo Hue', N'Bun', 79050, N'Món Bun bo Hue tại Steak House Cowboy Jack');
INSERT INTO MonAn (MaMon, MaNH, TenMon, MaLoai, Gia, MoTa) VALUES (N'MA03116', N'NH031', N'Pho dac biet', N'Pho', 148763, N'Món Pho dac biet tại Steak House Cowboy Jack');
INSERT INTO MonAn (MaMon, MaNH, TenMon, MaLoai, Gia, MoTa) VALUES (N'MA03117', N'NH031', N'Lau nam chay 2', N'Chay', 86132, N'Món Lau nam chay 2 tại Steak House Cowboy Jack');
INSERT INTO MonAn (MaMon, MaNH, TenMon, MaLoai, Gia, MoTa) VALUES (N'MA03118', N'NH031', N'Steak bo wagyu', N'Steak', 25130, N'Món Steak bo wagyu tại Steak House Cowboy Jack');
INSERT INTO MonAn (MaMon, MaNH, TenMon, MaLoai, Gia, MoTa) VALUES (N'MA03119', N'NH031', N'Tra sua hongkong', N'Trasua', 77377, N'Món Tra sua hongkong tại Steak House Cowboy Jack');
INSERT INTO MonAn (MaMon, MaNH, TenMon, MaLoai, Gia, MoTa) VALUES (N'MA03120', N'NH031', N'Mi hoanh thanh', N'Mi', 67696, N'Món Mi hoanh thanh tại Steak House Cowboy Jack');
INSERT INTO MonAn (MaMon, MaNH, TenMon, MaLoai, Gia, MoTa) VALUES (N'MA03121', N'NH031', N'Sashimi ca hoi', N'Sushi', 70779, N'Món Sashimi ca hoi tại Steak House Cowboy Jack');
INSERT INTO MonAn (MaMon, MaNH, TenMon, MaLoai, Gia, MoTa) VALUES (N'MA03122', N'NH031', N'Pizza thap cam', N'Pizza', 108984, N'Món Pizza thap cam tại Steak House Cowboy Jack');
INSERT INTO MonAn (MaMon, MaNH, TenMon, MaLoai, Gia, MoTa) VALUES (N'MA03123', N'NH031', N'Tom nuong muoi ot', N'Haisan', 123445, N'Món Tom nuong muoi ot tại Steak House Cowboy Jack');
INSERT INTO MonAn (MaMon, MaNH, TenMon, MaLoai, Gia, MoTa) VALUES (N'MA03124', N'NH031', N'Steak ga 1', N'Steak', 28639, N'Món Steak ga 1 tại Steak House Cowboy Jack');
INSERT INTO MonAn (MaMon, MaNH, TenMon, MaLoai, Gia, MoTa) VALUES (N'MA03125', N'NH031', N'Sushi ca hoi', N'Sushi', 93133, N'Món Sushi ca hoi tại Steak House Cowboy Jack');
INSERT INTO NhaHang (MaNH, TenNH, DiaChi, SDT, MaTK) VALUES (N'NH032', N'Com Ga Hai Nam', N'22 Vo Van Tan, Quan 3, TP.HCM', N'0932000032', N'nhahang32');
INSERT INTO MonAn (MaMon, MaNH, TenMon, MaLoai, Gia, MoTa) VALUES (N'MA03201', N'NH032', N'Pizza thap cam', N'Pizza', 53029, N'Món Pizza thap cam tại Com Ga Hai Nam');
INSERT INTO MonAn (MaMon, MaNH, TenMon, MaLoai, Gia, MoTa) VALUES (N'MA03202', N'NH032', N'Com chay dua', N'Chay', 63694, N'Món Com chay dua tại Com Ga Hai Nam');
INSERT INTO MonAn (MaMon, MaNH, TenMon, MaLoai, Gia, MoTa) VALUES (N'MA03203', N'NH032', N'Pho bo vien', N'Pho', 106980, N'Món Pho bo vien tại Com Ga Hai Nam');
INSERT INTO MonAn (MaMon, MaNH, TenMon, MaLoai, Gia, MoTa) VALUES (N'MA03204', N'NH032', N'Bun thit nuong', N'Bun', 60662, N'Món Bun thit nuong tại Com Ga Hai Nam');
INSERT INTO MonAn (MaMon, MaNH, TenMon, MaLoai, Gia, MoTa) VALUES (N'MA03205', N'NH032', N'Beef tenderloin', N'Steak', 36901, N'Món Beef tenderloin tại Com Ga Hai Nam');
INSERT INTO MonAn (MaMon, MaNH, TenMon, MaLoai, Gia, MoTa) VALUES (N'MA03206', N'NH032', N'Tom nuong muoi ot', N'Haisan', 60577, N'Món Tom nuong muoi ot tại Com Ga Hai Nam');
INSERT INTO MonAn (MaMon, MaNH, TenMon, MaLoai, Gia, MoTa) VALUES (N'MA03207', N'NH032', N'Banh mi kep', N'AnVat', 104343, N'Món Banh mi kep tại Com Ga Hai Nam');
INSERT INTO MonAn (MaMon, MaNH, TenMon, MaLoai, Gia, MoTa) VALUES (N'MA03208', N'NH032', N'Salmon nigiri', N'Sushi', 107833, N'Món Salmon nigiri tại Com Ga Hai Nam');
INSERT INTO MonAn (MaMon, MaNH, TenMon, MaLoai, Gia, MoTa) VALUES (N'MA03209', N'NH032', N'Lau nam chay', N'Chay', 104675, N'Món Lau nam chay tại Com Ga Hai Nam');
INSERT INTO MonAn (MaMon, MaNH, TenMon, MaLoai, Gia, MoTa) VALUES (N'MA03210', N'NH032', N'Beef tenderloin 1', N'Steak', 86648, N'Món Beef tenderloin 1 tại Com Ga Hai Nam');
INSERT INTO MonAn (MaMon, MaNH, TenMon, MaLoai, Gia, MoTa) VALUES (N'MA03211', N'NH032', N'Sushi ca hoi', N'Sushi', 67526, N'Món Sushi ca hoi tại Com Ga Hai Nam');
INSERT INTO MonAn (MaMon, MaNH, TenMon, MaLoai, Gia, MoTa) VALUES (N'MA03212', N'NH032', N'Lau thai', N'Lau', 144671, N'Món Lau thai tại Com Ga Hai Nam');
INSERT INTO MonAn (MaMon, MaNH, TenMon, MaLoai, Gia, MoTa) VALUES (N'MA03213', N'NH032', N'Tra sua matcha', N'Trasua', 144212, N'Món Tra sua matcha tại Com Ga Hai Nam');
INSERT INTO MonAn (MaMon, MaNH, TenMon, MaLoai, Gia, MoTa) VALUES (N'MA03214', N'NH032', N'Mi hoanh thanh', N'Mi', 49693, N'Món Mi hoanh thanh tại Com Ga Hai Nam');
INSERT INTO MonAn (MaMon, MaNH, TenMon, MaLoai, Gia, MoTa) VALUES (N'MA03215', N'NH032', N'Bun cha', N'Bun', 30114, N'Món Bun cha tại Com Ga Hai Nam');
INSERT INTO MonAn (MaMon, MaNH, TenMon, MaLoai, Gia, MoTa) VALUES (N'MA03216', N'NH032', N'Lau hai san', N'Lau', 86543, N'Món Lau hai san tại Com Ga Hai Nam');
INSERT INTO MonAn (MaMon, MaNH, TenMon, MaLoai, Gia, MoTa) VALUES (N'MA03217', N'NH032', N'Oc xao me', N'AnVat', 24947, N'Món Oc xao me tại Com Ga Hai Nam');
INSERT INTO MonAn (MaMon, MaNH, TenMon, MaLoai, Gia, MoTa) VALUES (N'MA03218', N'NH032', N'Steak ga', N'Steak', 134870, N'Món Steak ga tại Com Ga Hai Nam');
INSERT INTO MonAn (MaMon, MaNH, TenMon, MaLoai, Gia, MoTa) VALUES (N'MA03219', N'NH032', N'Muc chien gion', N'Haisan', 98282, N'Món Muc chien gion tại Com Ga Hai Nam');
INSERT INTO MonAn (MaMon, MaNH, TenMon, MaLoai, Gia, MoTa) VALUES (N'MA03220', N'NH032', N'Pizza pepperoni', N'Pizza', 41266, N'Món Pizza pepperoni tại Com Ga Hai Nam');
INSERT INTO MonAn (MaMon, MaNH, TenMon, MaLoai, Gia, MoTa) VALUES (N'MA03221', N'NH032', N'Bun bo nam bo', N'Bun', 121069, N'Món Bun bo nam bo tại Com Ga Hai Nam');
INSERT INTO MonAn (MaMon, MaNH, TenMon, MaLoai, Gia, MoTa) VALUES (N'MA03222', N'NH032', N'Muc chien gion 1', N'Haisan', 114526, N'Món Muc chien gion 1 tại Com Ga Hai Nam');
INSERT INTO MonAn (MaMon, MaNH, TenMon, MaLoai, Gia, MoTa) VALUES (N'MA03223', N'NH032', N'Mi xao bo', N'Mi', 73852, N'Món Mi xao bo tại Com Ga Hai Nam');
INSERT INTO MonAn (MaMon, MaNH, TenMon, MaLoai, Gia, MoTa) VALUES (N'MA03224', N'NH032', N'Salmon nigiri 1', N'Sushi', 147085, N'Món Salmon nigiri 1 tại Com Ga Hai Nam');
INSERT INTO MonAn (MaMon, MaNH, TenMon, MaLoai, Gia, MoTa) VALUES (N'MA03225', N'NH032', N'Mi tom chua cay', N'Mi', 118617, N'Món Mi tom chua cay tại Com Ga Hai Nam');
INSERT INTO NhaHang (MaNH, TenNH, DiaChi, SDT, MaTK) VALUES (N'NH033', N'Sushi Shin', N'14 Nguyen Van Thu, Quan 1, TP.HCM', N'0933000033', N'nhahang33');
INSERT INTO MonAn (MaMon, MaNH, TenMon, MaLoai, Gia, MoTa) VALUES (N'MA03301', N'NH033', N'Tra sua socola', N'Trasua', 51348, N'Món Tra sua socola tại Sushi Shin');
INSERT INTO MonAn (MaMon, MaNH, TenMon, MaLoai, Gia, MoTa) VALUES (N'MA03302', N'NH033', N'Lau nam chay', N'Lau', 138485, N'Món Lau nam chay tại Sushi Shin');
INSERT INTO MonAn (MaMon, MaNH, TenMon, MaLoai, Gia, MoTa) VALUES (N'MA03303', N'NH033', N'Tra sua matcha', N'Trasua', 108907, N'Món Tra sua matcha tại Sushi Shin');
INSERT INTO MonAn (MaMon, MaNH, TenMon, MaLoai, Gia, MoTa) VALUES (N'MA03304', N'NH033', N'Ghe hap bia', N'Haisan', 80513, N'Món Ghe hap bia tại Sushi Shin');
INSERT INTO MonAn (MaMon, MaNH, TenMon, MaLoai, Gia, MoTa) VALUES (N'MA03305', N'NH033', N'Lau nam chay 1', N'Lau', 85916, N'Món Lau nam chay 1 tại Sushi Shin');
INSERT INTO MonAn (MaMon, MaNH, TenMon, MaLoai, Gia, MoTa) VALUES (N'MA03306', N'NH033', N'Banh mi kep', N'AnVat', 146650, N'Món Banh mi kep tại Sushi Shin');
INSERT INTO MonAn (MaMon, MaNH, TenMon, MaLoai, Gia, MoTa) VALUES (N'MA03307', N'NH033', N'Bun cha', N'Bun', 125022, N'Món Bun cha tại Sushi Shin');
INSERT INTO MonAn (MaMon, MaNH, TenMon, MaLoai, Gia, MoTa) VALUES (N'MA03308', N'NH033', N'Muc chien gion', N'Haisan', 134426, N'Món Muc chien gion tại Sushi Shin');
INSERT INTO MonAn (MaMon, MaNH, TenMon, MaLoai, Gia, MoTa) VALUES (N'MA03309', N'NH033', N'Lau hai san', N'Lau', 104040, N'Món Lau hai san tại Sushi Shin');
INSERT INTO MonAn (MaMon, MaNH, TenMon, MaLoai, Gia, MoTa) VALUES (N'MA03310', N'NH033', N'Mi tom chua cay', N'Mi', 92684, N'Món Mi tom chua cay tại Sushi Shin');
INSERT INTO MonAn (MaMon, MaNH, TenMon, MaLoai, Gia, MoTa) VALUES (N'MA03311', N'NH033', N'Pho bo vien', N'Pho', 131564, N'Món Pho bo vien tại Sushi Shin');
INSERT INTO MonAn (MaMon, MaNH, TenMon, MaLoai, Gia, MoTa) VALUES (N'MA03312', N'NH033', N'Pho dac biet', N'Pho', 30993, N'Món Pho dac biet tại Sushi Shin');
INSERT INTO MonAn (MaMon, MaNH, TenMon, MaLoai, Gia, MoTa) VALUES (N'MA03313', N'NH033', N'Bun thit nuong', N'Bun', 78893, N'Món Bun thit nuong tại Sushi Shin');
INSERT INTO MonAn (MaMon, MaNH, TenMon, MaLoai, Gia, MoTa) VALUES (N'MA03314', N'NH033', N'Khoai tay chien', N'AnVat', 128926, N'Món Khoai tay chien tại Sushi Shin');
INSERT INTO MonAn (MaMon, MaNH, TenMon, MaLoai, Gia, MoTa) VALUES (N'MA03315', N'NH033', N'Pizza hai san', N'Pizza', 144048, N'Món Pizza hai san tại Sushi Shin');
INSERT INTO MonAn (MaMon, MaNH, TenMon, MaLoai, Gia, MoTa) VALUES (N'MA03316', N'NH033', N'Tra sua oolong', N'Trasua', 135950, N'Món Tra sua oolong tại Sushi Shin');
INSERT INTO MonAn (MaMon, MaNH, TenMon, MaLoai, Gia, MoTa) VALUES (N'MA03317', N'NH033', N'Sushi ca hoi', N'Sushi', 74381, N'Món Sushi ca hoi tại Sushi Shin');
INSERT INTO MonAn (MaMon, MaNH, TenMon, MaLoai, Gia, MoTa) VALUES (N'MA03318', N'NH033', N'Com rang hai san', N'Com', 85799, N'Món Com rang hai san tại Sushi Shin');
INSERT INTO MonAn (MaMon, MaNH, TenMon, MaLoai, Gia, MoTa) VALUES (N'MA03319', N'NH033', N'Salmon nigiri', N'Sushi', 70615, N'Món Salmon nigiri tại Sushi Shin');
INSERT INTO MonAn (MaMon, MaNH, TenMon, MaLoai, Gia, MoTa) VALUES (N'MA03320', N'NH033', N'Pho dac biet 1', N'Pho', 49430, N'Món Pho dac biet 1 tại Sushi Shin');
INSERT INTO MonAn (MaMon, MaNH, TenMon, MaLoai, Gia, MoTa) VALUES (N'MA03321', N'NH033', N'Com chay', N'Com', 142005, N'Món Com chay tại Sushi Shin');
INSERT INTO MonAn (MaMon, MaNH, TenMon, MaLoai, Gia, MoTa) VALUES (N'MA03322', N'NH033', N'Pho dac biet 2', N'Pho', 123727, N'Món Pho dac biet 2 tại Sushi Shin');
INSERT INTO NhaHang (MaNH, TenNH, DiaChi, SDT, MaTK) VALUES (N'NH034', N'Bun Mam Co Ba', N'88 Nguyen Van Dau, Binh Thanh, TP.HCM', N'0934000034', N'nhahang34');
INSERT INTO MonAn (MaMon, MaNH, TenMon, MaLoai, Gia, MoTa) VALUES (N'MA03401', N'NH034', N'Bun bo Hue', N'Bun', 57601, N'Món Bun bo Hue tại Bun Mam Co Ba');
INSERT INTO MonAn (MaMon, MaNH, TenMon, MaLoai, Gia, MoTa) VALUES (N'MA03402', N'NH034', N'Mi hoanh thanh', N'Mi', 119462, N'Món Mi hoanh thanh tại Bun Mam Co Ba');
INSERT INTO MonAn (MaMon, MaNH, TenMon, MaLoai, Gia, MoTa) VALUES (N'MA03403', N'NH034', N'Bun chay Huong Sen', N'Chay', 78799, N'Món Bun chay Huong Sen tại Bun Mam Co Ba');
INSERT INTO MonAn (MaMon, MaNH, TenMon, MaLoai, Gia, MoTa) VALUES (N'MA03404', N'NH034', N'Tom nuong muoi ot', N'Haisan', 138732, N'Món Tom nuong muoi ot tại Bun Mam Co Ba');
INSERT INTO MonAn (MaMon, MaNH, TenMon, MaLoai, Gia, MoTa) VALUES (N'MA03405', N'NH034', N'Pho bo tai', N'Pho', 53544, N'Món Pho bo tai tại Bun Mam Co Ba');
INSERT INTO MonAn (MaMon, MaNH, TenMon, MaLoai, Gia, MoTa) VALUES (N'MA03406', N'NH034', N'Tra sua tran chau hoang kim', N'Trasua', 91932, N'Món Tra sua tran chau hoang kim tại Bun Mam Co Ba');
INSERT INTO MonAn (MaMon, MaNH, TenMon, MaLoai, Gia, MoTa) VALUES (N'MA03407', N'NH034', N'Bun chay Huong Sen 1', N'Chay', 34573, N'Món Bun chay Huong Sen 1 tại Bun Mam Co Ba');
INSERT INTO MonAn (MaMon, MaNH, TenMon, MaLoai, Gia, MoTa) VALUES (N'MA03408', N'NH034', N'Lau thai', N'Lau', 59472, N'Món Lau thai tại Bun Mam Co Ba');
INSERT INTO MonAn (MaMon, MaNH, TenMon, MaLoai, Gia, MoTa) VALUES (N'MA03409', N'NH034', N'Pho bo tai 1', N'Pho', 51252, N'Món Pho bo tai 1 tại Bun Mam Co Ba');
INSERT INTO MonAn (MaMon, MaNH, TenMon, MaLoai, Gia, MoTa) VALUES (N'MA03410', N'NH034', N'Pizza vegetarian', N'Pizza', 28232, N'Món Pizza vegetarian tại Bun Mam Co Ba');
INSERT INTO MonAn (MaMon, MaNH, TenMon, MaLoai, Gia, MoTa) VALUES (N'MA03411', N'NH034', N'Pho chin', N'Pho', 98215, N'Món Pho chin tại Bun Mam Co Ba');
INSERT INTO MonAn (MaMon, MaNH, TenMon, MaLoai, Gia, MoTa) VALUES (N'MA03412', N'NH034', N'Banh trang tron', N'AnVat', 102831, N'Món Banh trang tron tại Bun Mam Co Ba');
INSERT INTO MonAn (MaMon, MaNH, TenMon, MaLoai, Gia, MoTa) VALUES (N'MA03413', N'NH034', N'Oc xao me', N'AnVat', 51711, N'Món Oc xao me tại Bun Mam Co Ba');
INSERT INTO MonAn (MaMon, MaNH, TenMon, MaLoai, Gia, MoTa) VALUES (N'MA03414', N'NH034', N'Com chay dua', N'Chay', 58177, N'Món Com chay dua tại Bun Mam Co Ba');
INSERT INTO MonAn (MaMon, MaNH, TenMon, MaLoai, Gia, MoTa) VALUES (N'MA03415', N'NH034', N'Pizza hai san', N'Pizza', 100584, N'Món Pizza hai san tại Bun Mam Co Ba');
INSERT INTO MonAn (MaMon, MaNH, TenMon, MaLoai, Gia, MoTa) VALUES (N'MA03416', N'NH034', N'Salmon nigiri', N'Sushi', 94798, N'Món Salmon nigiri tại Bun Mam Co Ba');
INSERT INTO MonAn (MaMon, MaNH, TenMon, MaLoai, Gia, MoTa) VALUES (N'MA03417', N'NH034', N'Pizza pepperoni', N'Pizza', 107080, N'Món Pizza pepperoni tại Bun Mam Co Ba');
INSERT INTO NhaHang (MaNH, TenNH, DiaChi, SDT, MaTK) VALUES (N'NH035', N'Lau Cua Dong', N'95 Nguyen Tri Phuong, Quan 10, TP.HCM', N'0935000035', N'nhahang35');
INSERT INTO MonAn (MaMon, MaNH, TenMon, MaLoai, Gia, MoTa) VALUES (N'MA03501', N'NH035', N'Pho bo vien', N'Pho', 147749, N'Món Pho bo vien tại Lau Cua Dong');
INSERT INTO MonAn (MaMon, MaNH, TenMon, MaLoai, Gia, MoTa) VALUES (N'MA03502', N'NH035', N'Sushi ca hoi', N'Sushi', 144964, N'Món Sushi ca hoi tại Lau Cua Dong');
INSERT INTO MonAn (MaMon, MaNH, TenMon, MaLoai, Gia, MoTa) VALUES (N'MA03503', N'NH035', N'Oc xao me', N'AnVat', 86496, N'Món Oc xao me tại Lau Cua Dong');
INSERT INTO MonAn (MaMon, MaNH, TenMon, MaLoai, Gia, MoTa) VALUES (N'MA03504', N'NH035', N'Oc xao me 1', N'AnVat', 22665, N'Món Oc xao me 1 tại Lau Cua Dong');
INSERT INTO MonAn (MaMon, MaNH, TenMon, MaLoai, Gia, MoTa) VALUES (N'MA03505', N'NH035', N'Pizza vegetarian', N'Pizza', 25706, N'Món Pizza vegetarian tại Lau Cua Dong');
INSERT INTO MonAn (MaMon, MaNH, TenMon, MaLoai, Gia, MoTa) VALUES (N'MA03506', N'NH035', N'Beef tenderloin', N'Steak', 148586, N'Món Beef tenderloin tại Lau Cua Dong');
INSERT INTO MonAn (MaMon, MaNH, TenMon, MaLoai, Gia, MoTa) VALUES (N'MA03507', N'NH035', N'Sashimi ca hoi', N'Sushi', 117952, N'Món Sashimi ca hoi tại Lau Cua Dong');
INSERT INTO MonAn (MaMon, MaNH, TenMon, MaLoai, Gia, MoTa) VALUES (N'MA03508', N'NH035', N'Com chay', N'Com', 123352, N'Món Com chay tại Lau Cua Dong');
INSERT INTO MonAn (MaMon, MaNH, TenMon, MaLoai, Gia, MoTa) VALUES (N'MA03509', N'NH035', N'Pho dac biet', N'Pho', 51604, N'Món Pho dac biet tại Lau Cua Dong');
INSERT INTO MonAn (MaMon, MaNH, TenMon, MaLoai, Gia, MoTa) VALUES (N'MA03510', N'NH035', N'Lau nam chay', N'Chay', 121122, N'Món Lau nam chay tại Lau Cua Dong');
INSERT INTO MonAn (MaMon, MaNH, TenMon, MaLoai, Gia, MoTa) VALUES (N'MA03511', N'NH035', N'Ca nuong giay bac', N'Haisan', 37486, N'Món Ca nuong giay bac tại Lau Cua Dong');
INSERT INTO MonAn (MaMon, MaNH, TenMon, MaLoai, Gia, MoTa) VALUES (N'MA03512', N'NH035', N'Com chay 1', N'Com', 91567, N'Món Com chay 1 tại Lau Cua Dong');
INSERT INTO MonAn (MaMon, MaNH, TenMon, MaLoai, Gia, MoTa) VALUES (N'MA03513', N'NH035', N'Salmon nigiri', N'Sushi', 128840, N'Món Salmon nigiri tại Lau Cua Dong');
INSERT INTO MonAn (MaMon, MaNH, TenMon, MaLoai, Gia, MoTa) VALUES (N'MA03514', N'NH035', N'Beef tenderloin 1', N'Steak', 148557, N'Món Beef tenderloin 1 tại Lau Cua Dong');
INSERT INTO MonAn (MaMon, MaNH, TenMon, MaLoai, Gia, MoTa) VALUES (N'MA03515', N'NH035', N'Bun chay Huong Sen', N'Chay', 102802, N'Món Bun chay Huong Sen tại Lau Cua Dong');
INSERT INTO MonAn (MaMon, MaNH, TenMon, MaLoai, Gia, MoTa) VALUES (N'MA03516', N'NH035', N'Bun cha', N'Bun', 28270, N'Món Bun cha tại Lau Cua Dong');
INSERT INTO MonAn (MaMon, MaNH, TenMon, MaLoai, Gia, MoTa) VALUES (N'MA03517', N'NH035', N'Bun chay Huong Sen 1', N'Chay', 24847, N'Món Bun chay Huong Sen 1 tại Lau Cua Dong');
INSERT INTO MonAn (MaMon, MaNH, TenMon, MaLoai, Gia, MoTa) VALUES (N'MA03518', N'NH035', N'Lau thai', N'Lau', 25741, N'Món Lau thai tại Lau Cua Dong');
INSERT INTO MonAn (MaMon, MaNH, TenMon, MaLoai, Gia, MoTa) VALUES (N'MA03519', N'NH035', N'Tra sua tran chau duong den', N'Trasua', 61365, N'Món Tra sua tran chau duong den tại Lau Cua Dong');
INSERT INTO MonAn (MaMon, MaNH, TenMon, MaLoai, Gia, MoTa) VALUES (N'MA03520', N'NH035', N'Lau bo tom', N'Lau', 72196, N'Món Lau bo tom tại Lau Cua Dong');
INSERT INTO MonAn (MaMon, MaNH, TenMon, MaLoai, Gia, MoTa) VALUES (N'MA03521', N'NH035', N'Banh mi kep', N'AnVat', 53202, N'Món Banh mi kep tại Lau Cua Dong');
INSERT INTO MonAn (MaMon, MaNH, TenMon, MaLoai, Gia, MoTa) VALUES (N'MA03522', N'NH035', N'Com suon nuong', N'Com', 57501, N'Món Com suon nuong tại Lau Cua Dong');
INSERT INTO MonAn (MaMon, MaNH, TenMon, MaLoai, Gia, MoTa) VALUES (N'MA03523', N'NH035', N'Sushi ca hoi 1', N'Sushi', 133481, N'Món Sushi ca hoi 1 tại Lau Cua Dong');
INSERT INTO MonAn (MaMon, MaNH, TenMon, MaLoai, Gia, MoTa) VALUES (N'MA03524', N'NH035', N'Steak ga', N'Steak', 55811, N'Món Steak ga tại Lau Cua Dong');
INSERT INTO MonAn (MaMon, MaNH, TenMon, MaLoai, Gia, MoTa) VALUES (N'MA03525', N'NH035', N'Pho dac biet 1', N'Pho', 77272, N'Món Pho dac biet 1 tại Lau Cua Dong');
INSERT INTO NhaHang (MaNH, TenNH, DiaChi, SDT, MaTK) VALUES (N'NH036', N'Com Nha Que', N'120 Tran Quang Dieu, Quan 3, TP.HCM', N'0936000036', N'nhahang36');
INSERT INTO MonAn (MaMon, MaNH, TenMon, MaLoai, Gia, MoTa) VALUES (N'MA03601', N'NH036', N'Bun chay Huong Sen', N'Chay', 137261, N'Món Bun chay Huong Sen tại Com Nha Que');
INSERT INTO MonAn (MaMon, MaNH, TenMon, MaLoai, Gia, MoTa) VALUES (N'MA03602', N'NH036', N'Pizza thap cam', N'Pizza', 147627, N'Món Pizza thap cam tại Com Nha Que');
INSERT INTO MonAn (MaMon, MaNH, TenMon, MaLoai, Gia, MoTa) VALUES (N'MA03603', N'NH036', N'Bun rieu cua', N'Bun', 110710, N'Món Bun rieu cua tại Com Nha Que');
INSERT INTO MonAn (MaMon, MaNH, TenMon, MaLoai, Gia, MoTa) VALUES (N'MA03604', N'NH036', N'Mi tom chua cay', N'Mi', 141151, N'Món Mi tom chua cay tại Com Nha Que');
INSERT INTO MonAn (MaMon, MaNH, TenMon, MaLoai, Gia, MoTa) VALUES (N'MA03605', N'NH036', N'Nem chua ran', N'AnVat', 125008, N'Món Nem chua ran tại Com Nha Que');
INSERT INTO MonAn (MaMon, MaNH, TenMon, MaLoai, Gia, MoTa) VALUES (N'MA03606', N'NH036', N'Pho chin', N'Pho', 30345, N'Món Pho chin tại Com Nha Que');
INSERT INTO MonAn (MaMon, MaNH, TenMon, MaLoai, Gia, MoTa) VALUES (N'MA03607', N'NH036', N'Pizza pepperoni', N'Pizza', 91496, N'Món Pizza pepperoni tại Com Nha Que');
INSERT INTO MonAn (MaMon, MaNH, TenMon, MaLoai, Gia, MoTa) VALUES (N'MA03608', N'NH036', N'Lau kimchi', N'Lau', 33447, N'Món Lau kimchi tại Com Nha Que');
INSERT INTO MonAn (MaMon, MaNH, TenMon, MaLoai, Gia, MoTa) VALUES (N'MA03609', N'NH036', N'Pho dac biet', N'Pho', 106628, N'Món Pho dac biet tại Com Nha Que');
INSERT INTO MonAn (MaMon, MaNH, TenMon, MaLoai, Gia, MoTa) VALUES (N'MA03610', N'NH036', N'Lau kimchi 1', N'Lau', 78447, N'Món Lau kimchi 1 tại Com Nha Que');
INSERT INTO MonAn (MaMon, MaNH, TenMon, MaLoai, Gia, MoTa) VALUES (N'MA03611', N'NH036', N'Ghe hap bia', N'Haisan', 41842, N'Món Ghe hap bia tại Com Nha Que');
INSERT INTO MonAn (MaMon, MaNH, TenMon, MaLoai, Gia, MoTa) VALUES (N'MA03612', N'NH036', N'Bun chay Huong Sen 1', N'Chay', 66077, N'Món Bun chay Huong Sen 1 tại Com Nha Que');
INSERT INTO MonAn (MaMon, MaNH, TenMon, MaLoai, Gia, MoTa) VALUES (N'MA03613', N'NH036', N'Mi xao bo', N'Mi', 115265, N'Món Mi xao bo tại Com Nha Que');
INSERT INTO MonAn (MaMon, MaNH, TenMon, MaLoai, Gia, MoTa) VALUES (N'MA03614', N'NH036', N'Dragon roll', N'Sushi', 77008, N'Món Dragon roll tại Com Nha Que');
INSERT INTO MonAn (MaMon, MaNH, TenMon, MaLoai, Gia, MoTa) VALUES (N'MA03615', N'NH036', N'Lau hai san', N'Lau', 29835, N'Món Lau hai san tại Com Nha Que');
INSERT INTO MonAn (MaMon, MaNH, TenMon, MaLoai, Gia, MoTa) VALUES (N'MA03616', N'NH036', N'Beef tenderloin', N'Steak', 67619, N'Món Beef tenderloin tại Com Nha Que');
INSERT INTO MonAn (MaMon, MaNH, TenMon, MaLoai, Gia, MoTa) VALUES (N'MA03617', N'NH036', N'Khoai tay chien', N'AnVat', 144884, N'Món Khoai tay chien tại Com Nha Que');
INSERT INTO MonAn (MaMon, MaNH, TenMon, MaLoai, Gia, MoTa) VALUES (N'MA03618', N'NH036', N'Com rang dua', N'Com', 131236, N'Món Com rang dua tại Com Nha Que');
INSERT INTO MonAn (MaMon, MaNH, TenMon, MaLoai, Gia, MoTa) VALUES (N'MA03619', N'NH036', N'Ghe hap bia 1', N'Haisan', 24561, N'Món Ghe hap bia 1 tại Com Nha Que');
INSERT INTO MonAn (MaMon, MaNH, TenMon, MaLoai, Gia, MoTa) VALUES (N'MA03620', N'NH036', N'Bun bo Hue', N'Bun', 50932, N'Món Bun bo Hue tại Com Nha Que');
INSERT INTO MonAn (MaMon, MaNH, TenMon, MaLoai, Gia, MoTa) VALUES (N'MA03621', N'NH036', N'Steak ga', N'Steak', 67467, N'Món Steak ga tại Com Nha Que');
INSERT INTO NhaHang (MaNH, TenNH, DiaChi, SDT, MaTK) VALUES (N'NH037', N'Banh Uot Ban Me', N'42 Nguyen Huu Canh, Binh Thanh, TP.HCM', N'0937000037', N'nhahang37');
INSERT INTO MonAn (MaMon, MaNH, TenMon, MaLoai, Gia, MoTa) VALUES (N'MA03701', N'NH037', N'Tom nuong muoi ot', N'Haisan', 99310, N'Món Tom nuong muoi ot tại Banh Uot Ban Me');
INSERT INTO MonAn (MaMon, MaNH, TenMon, MaLoai, Gia, MoTa) VALUES (N'MA03702', N'NH037', N'Bun bo nam bo', N'Bun', 78972, N'Món Bun bo nam bo tại Banh Uot Ban Me');
INSERT INTO MonAn (MaMon, MaNH, TenMon, MaLoai, Gia, MoTa) VALUES (N'MA03703', N'NH037', N'Sashimi ca hoi', N'Sushi', 78188, N'Món Sashimi ca hoi tại Banh Uot Ban Me');
INSERT INTO MonAn (MaMon, MaNH, TenMon, MaLoai, Gia, MoTa) VALUES (N'MA03704', N'NH037', N'Pho bo vien', N'Pho', 38047, N'Món Pho bo vien tại Banh Uot Ban Me');
INSERT INTO MonAn (MaMon, MaNH, TenMon, MaLoai, Gia, MoTa) VALUES (N'MA03705', N'NH037', N'Nem chua ran', N'AnVat', 72171, N'Món Nem chua ran tại Banh Uot Ban Me');
INSERT INTO MonAn (MaMon, MaNH, TenMon, MaLoai, Gia, MoTa) VALUES (N'MA03706', N'NH037', N'Sashimi ca hoi 1', N'Sushi', 52717, N'Món Sashimi ca hoi 1 tại Banh Uot Ban Me');
INSERT INTO MonAn (MaMon, MaNH, TenMon, MaLoai, Gia, MoTa) VALUES (N'MA03707', N'NH037', N'Pho bo tai', N'Pho', 116426, N'Món Pho bo tai tại Banh Uot Ban Me');
INSERT INTO MonAn (MaMon, MaNH, TenMon, MaLoai, Gia, MoTa) VALUES (N'MA03708', N'NH037', N'Bun rieu cua', N'Bun', 87861, N'Món Bun rieu cua tại Banh Uot Ban Me');
INSERT INTO MonAn (MaMon, MaNH, TenMon, MaLoai, Gia, MoTa) VALUES (N'MA03709', N'NH037', N'Pizza hai san', N'Pizza', 54311, N'Món Pizza hai san tại Banh Uot Ban Me');
INSERT INTO MonAn (MaMon, MaNH, TenMon, MaLoai, Gia, MoTa) VALUES (N'MA03710', N'NH037', N'Lau nam chay', N'Lau', 48124, N'Món Lau nam chay tại Banh Uot Ban Me');
INSERT INTO MonAn (MaMon, MaNH, TenMon, MaLoai, Gia, MoTa) VALUES (N'MA03711', N'NH037', N'Ca nuong giay bac', N'Haisan', 110961, N'Món Ca nuong giay bac tại Banh Uot Ban Me');
INSERT INTO MonAn (MaMon, MaNH, TenMon, MaLoai, Gia, MoTa) VALUES (N'MA03712', N'NH037', N'Mi hoanh thanh', N'Mi', 36074, N'Món Mi hoanh thanh tại Banh Uot Ban Me');
INSERT INTO MonAn (MaMon, MaNH, TenMon, MaLoai, Gia, MoTa) VALUES (N'MA03713', N'NH037', N'Bun bo Hue', N'Bun', 79250, N'Món Bun bo Hue tại Banh Uot Ban Me');
INSERT INTO MonAn (MaMon, MaNH, TenMon, MaLoai, Gia, MoTa) VALUES (N'MA03714', N'NH037', N'Bun bo nam bo 1', N'Bun', 78341, N'Món Bun bo nam bo 1 tại Banh Uot Ban Me');
INSERT INTO MonAn (MaMon, MaNH, TenMon, MaLoai, Gia, MoTa) VALUES (N'MA03715', N'NH037', N'Pho dac biet', N'Pho', 107535, N'Món Pho dac biet tại Banh Uot Ban Me');
INSERT INTO MonAn (MaMon, MaNH, TenMon, MaLoai, Gia, MoTa) VALUES (N'MA03716', N'NH037', N'Sushi ca hoi', N'Sushi', 92089, N'Món Sushi ca hoi tại Banh Uot Ban Me');
INSERT INTO MonAn (MaMon, MaNH, TenMon, MaLoai, Gia, MoTa) VALUES (N'MA03717', N'NH037', N'Nem chua ran 1', N'AnVat', 136828, N'Món Nem chua ran 1 tại Banh Uot Ban Me');
INSERT INTO MonAn (MaMon, MaNH, TenMon, MaLoai, Gia, MoTa) VALUES (N'MA03718', N'NH037', N'Lau thai', N'Lau', 113298, N'Món Lau thai tại Banh Uot Ban Me');
INSERT INTO MonAn (MaMon, MaNH, TenMon, MaLoai, Gia, MoTa) VALUES (N'MA03719', N'NH037', N'Com chay dua', N'Chay', 124031, N'Món Com chay dua tại Banh Uot Ban Me');
INSERT INTO MonAn (MaMon, MaNH, TenMon, MaLoai, Gia, MoTa) VALUES (N'MA03720', N'NH037', N'Dragon roll', N'Sushi', 49391, N'Món Dragon roll tại Banh Uot Ban Me');
INSERT INTO MonAn (MaMon, MaNH, TenMon, MaLoai, Gia, MoTa) VALUES (N'MA03721', N'NH037', N'Pho ga', N'Pho', 123817, N'Món Pho ga tại Banh Uot Ban Me');
INSERT INTO NhaHang (MaNH, TenNH, DiaChi, SDT, MaTK) VALUES (N'NH038', N'BBQ Han Quoc 88', N'97 Nguyen Van Troi, Phu Nhuan, TP.HCM', N'0938000038', N'nhahang38');
INSERT INTO MonAn (MaMon, MaNH, TenMon, MaLoai, Gia, MoTa) VALUES (N'MA03801', N'NH038', N'Tra sua oolong', N'Trasua', 23445, N'Món Tra sua oolong tại BBQ Han Quoc 88');
INSERT INTO MonAn (MaMon, MaNH, TenMon, MaLoai, Gia, MoTa) VALUES (N'MA03802', N'NH038', N'Dragon roll', N'Sushi', 95009, N'Món Dragon roll tại BBQ Han Quoc 88');
INSERT INTO MonAn (MaMon, MaNH, TenMon, MaLoai, Gia, MoTa) VALUES (N'MA03803', N'NH038', N'California roll', N'Sushi', 125337, N'Món California roll tại BBQ Han Quoc 88');
INSERT INTO MonAn (MaMon, MaNH, TenMon, MaLoai, Gia, MoTa) VALUES (N'MA03804', N'NH038', N'Khoai tay chien', N'AnVat', 100209, N'Món Khoai tay chien tại BBQ Han Quoc 88');
INSERT INTO MonAn (MaMon, MaNH, TenMon, MaLoai, Gia, MoTa) VALUES (N'MA03805', N'NH038', N'Pho bo tai', N'Pho', 60539, N'Món Pho bo tai tại BBQ Han Quoc 88');
INSERT INTO MonAn (MaMon, MaNH, TenMon, MaLoai, Gia, MoTa) VALUES (N'MA03806', N'NH038', N'Pizza vegetarian', N'Pizza', 88903, N'Món Pizza vegetarian tại BBQ Han Quoc 88');
INSERT INTO MonAn (MaMon, MaNH, TenMon, MaLoai, Gia, MoTa) VALUES (N'MA03807', N'NH038', N'Pizza vegetarian 1', N'Pizza', 127916, N'Món Pizza vegetarian 1 tại BBQ Han Quoc 88');
INSERT INTO MonAn (MaMon, MaNH, TenMon, MaLoai, Gia, MoTa) VALUES (N'MA03808', N'NH038', N'Tom nuong muoi ot', N'Haisan', 36426, N'Món Tom nuong muoi ot tại BBQ Han Quoc 88');
INSERT INTO MonAn (MaMon, MaNH, TenMon, MaLoai, Gia, MoTa) VALUES (N'MA03809', N'NH038', N'Sushi ca hoi', N'Sushi', 78979, N'Món Sushi ca hoi tại BBQ Han Quoc 88');
INSERT INTO MonAn (MaMon, MaNH, TenMon, MaLoai, Gia, MoTa) VALUES (N'MA03810', N'NH038', N'Mi tom chua cay', N'Mi', 36821, N'Món Mi tom chua cay tại BBQ Han Quoc 88');
INSERT INTO MonAn (MaMon, MaNH, TenMon, MaLoai, Gia, MoTa) VALUES (N'MA03811', N'NH038', N'Oc xao me', N'AnVat', 43850, N'Món Oc xao me tại BBQ Han Quoc 88');
INSERT INTO MonAn (MaMon, MaNH, TenMon, MaLoai, Gia, MoTa) VALUES (N'MA03812', N'NH038', N'Bun rieu cua', N'Bun', 85911, N'Món Bun rieu cua tại BBQ Han Quoc 88');
INSERT INTO MonAn (MaMon, MaNH, TenMon, MaLoai, Gia, MoTa) VALUES (N'MA03813', N'NH038', N'Com ga xoi mo', N'Com', 87908, N'Món Com ga xoi mo tại BBQ Han Quoc 88');
INSERT INTO MonAn (MaMon, MaNH, TenMon, MaLoai, Gia, MoTa) VALUES (N'MA03814', N'NH038', N'Bun thit nuong', N'Bun', 41581, N'Món Bun thit nuong tại BBQ Han Quoc 88');
INSERT INTO MonAn (MaMon, MaNH, TenMon, MaLoai, Gia, MoTa) VALUES (N'MA03815', N'NH038', N'Bun thit nuong 1', N'Bun', 142517, N'Món Bun thit nuong 1 tại BBQ Han Quoc 88');
INSERT INTO MonAn (MaMon, MaNH, TenMon, MaLoai, Gia, MoTa) VALUES (N'MA03816', N'NH038', N'Com chay dua', N'Chay', 65353, N'Món Com chay dua tại BBQ Han Quoc 88');
INSERT INTO MonAn (MaMon, MaNH, TenMon, MaLoai, Gia, MoTa) VALUES (N'MA03817', N'NH038', N'Nem chua ran', N'AnVat', 130878, N'Món Nem chua ran tại BBQ Han Quoc 88');
INSERT INTO NhaHang (MaNH, TenNH, DiaChi, SDT, MaTK) VALUES (N'NH039', N'Ga Nuong Lu', N'11 Phan Dang Luu, Phu Nhuan, TP.HCM', N'0939000039', N'nhahang39');
INSERT INTO MonAn (MaMon, MaNH, TenMon, MaLoai, Gia, MoTa) VALUES (N'MA03901', N'NH039', N'Lau thai', N'Lau', 103238, N'Món Lau thai tại Ga Nuong Lu');
INSERT INTO MonAn (MaMon, MaNH, TenMon, MaLoai, Gia, MoTa) VALUES (N'MA03902', N'NH039', N'Nem chua ran', N'AnVat', 36406, N'Món Nem chua ran tại Ga Nuong Lu');
INSERT INTO MonAn (MaMon, MaNH, TenMon, MaLoai, Gia, MoTa) VALUES (N'MA03903', N'NH039', N'Steak ga', N'Steak', 100534, N'Món Steak ga tại Ga Nuong Lu');
INSERT INTO MonAn (MaMon, MaNH, TenMon, MaLoai, Gia, MoTa) VALUES (N'MA03904', N'NH039', N'Banh trang tron', N'AnVat', 85873, N'Món Banh trang tron tại Ga Nuong Lu');
INSERT INTO MonAn (MaMon, MaNH, TenMon, MaLoai, Gia, MoTa) VALUES (N'MA03905', N'NH039', N'Steak bo wagyu', N'Steak', 97569, N'Món Steak bo wagyu tại Ga Nuong Lu');
INSERT INTO MonAn (MaMon, MaNH, TenMon, MaLoai, Gia, MoTa) VALUES (N'MA03906', N'NH039', N'Muc chien gion', N'Haisan', 42439, N'Món Muc chien gion tại Ga Nuong Lu');
INSERT INTO MonAn (MaMon, MaNH, TenMon, MaLoai, Gia, MoTa) VALUES (N'MA03907', N'NH039', N'Steak ga 1', N'Steak', 130432, N'Món Steak ga 1 tại Ga Nuong Lu');
INSERT INTO MonAn (MaMon, MaNH, TenMon, MaLoai, Gia, MoTa) VALUES (N'MA03908', N'NH039', N'Tom nuong muoi ot', N'Haisan', 128165, N'Món Tom nuong muoi ot tại Ga Nuong Lu');
INSERT INTO MonAn (MaMon, MaNH, TenMon, MaLoai, Gia, MoTa) VALUES (N'MA03909', N'NH039', N'Com ga xoi mo', N'Com', 25958, N'Món Com ga xoi mo tại Ga Nuong Lu');
INSERT INTO MonAn (MaMon, MaNH, TenMon, MaLoai, Gia, MoTa) VALUES (N'MA03910', N'NH039', N'Steak ga 2', N'Steak', 105344, N'Món Steak ga 2 tại Ga Nuong Lu');
INSERT INTO MonAn (MaMon, MaNH, TenMon, MaLoai, Gia, MoTa) VALUES (N'MA03911', N'NH039', N'Tra sua socola', N'Trasua', 74602, N'Món Tra sua socola tại Ga Nuong Lu');
INSERT INTO MonAn (MaMon, MaNH, TenMon, MaLoai, Gia, MoTa) VALUES (N'MA03912', N'NH039', N'Tom nuong muoi ot 1', N'Haisan', 85278, N'Món Tom nuong muoi ot 1 tại Ga Nuong Lu');
INSERT INTO MonAn (MaMon, MaNH, TenMon, MaLoai, Gia, MoTa) VALUES (N'MA03913', N'NH039', N'Steak ga 3', N'Steak', 104136, N'Món Steak ga 3 tại Ga Nuong Lu');
INSERT INTO MonAn (MaMon, MaNH, TenMon, MaLoai, Gia, MoTa) VALUES (N'MA03914', N'NH039', N'Lau nam chay', N'Lau', 52096, N'Món Lau nam chay tại Ga Nuong Lu');
INSERT INTO MonAn (MaMon, MaNH, TenMon, MaLoai, Gia, MoTa) VALUES (N'MA03915', N'NH039', N'Beef tenderloin', N'Steak', 58985, N'Món Beef tenderloin tại Ga Nuong Lu');
INSERT INTO MonAn (MaMon, MaNH, TenMon, MaLoai, Gia, MoTa) VALUES (N'MA03916', N'NH039', N'Mi xao bo', N'Mi', 110257, N'Món Mi xao bo tại Ga Nuong Lu');
INSERT INTO NhaHang (MaNH, TenNH, DiaChi, SDT, MaTK) VALUES (N'NH040', N'Oc Quan Hanh', N'65 Le Van Sy, Quan 3, TP.HCM', N'0940000040', N'nhahang40');
INSERT INTO MonAn (MaMon, MaNH, TenMon, MaLoai, Gia, MoTa) VALUES (N'MA04001', N'NH040', N'Bun rieu cua', N'Bun', 74476, N'Món Bun rieu cua tại Oc Quan Hanh');
INSERT INTO MonAn (MaMon, MaNH, TenMon, MaLoai, Gia, MoTa) VALUES (N'MA04002', N'NH040', N'Mi Quang', N'Mi', 46741, N'Món Mi Quang tại Oc Quan Hanh');
INSERT INTO MonAn (MaMon, MaNH, TenMon, MaLoai, Gia, MoTa) VALUES (N'MA04003', N'NH040', N'Dragon roll', N'Sushi', 38830, N'Món Dragon roll tại Oc Quan Hanh');
INSERT INTO MonAn (MaMon, MaNH, TenMon, MaLoai, Gia, MoTa) VALUES (N'MA04004', N'NH040', N'Sashimi ca hoi', N'Sushi', 116233, N'Món Sashimi ca hoi tại Oc Quan Hanh');
INSERT INTO MonAn (MaMon, MaNH, TenMon, MaLoai, Gia, MoTa) VALUES (N'MA04005', N'NH040', N'California roll', N'Sushi', 37139, N'Món California roll tại Oc Quan Hanh');
INSERT INTO MonAn (MaMon, MaNH, TenMon, MaLoai, Gia, MoTa) VALUES (N'MA04006', N'NH040', N'Dragon roll 1', N'Sushi', 93616, N'Món Dragon roll 1 tại Oc Quan Hanh');
INSERT INTO MonAn (MaMon, MaNH, TenMon, MaLoai, Gia, MoTa) VALUES (N'MA04007', N'NH040', N'Pho dac biet', N'Pho', 51685, N'Món Pho dac biet tại Oc Quan Hanh');
INSERT INTO MonAn (MaMon, MaNH, TenMon, MaLoai, Gia, MoTa) VALUES (N'MA04008', N'NH040', N'Mi xao bo', N'Mi', 55058, N'Món Mi xao bo tại Oc Quan Hanh');
INSERT INTO MonAn (MaMon, MaNH, TenMon, MaLoai, Gia, MoTa) VALUES (N'MA04009', N'NH040', N'Mi hoanh thanh', N'Mi', 38465, N'Món Mi hoanh thanh tại Oc Quan Hanh');
INSERT INTO MonAn (MaMon, MaNH, TenMon, MaLoai, Gia, MoTa) VALUES (N'MA04010', N'NH040', N'Pho bo tai', N'Pho', 58038, N'Món Pho bo tai tại Oc Quan Hanh');
INSERT INTO MonAn (MaMon, MaNH, TenMon, MaLoai, Gia, MoTa) VALUES (N'MA04011', N'NH040', N'Pizza vegetarian', N'Pizza', 52541, N'Món Pizza vegetarian tại Oc Quan Hanh');
INSERT INTO MonAn (MaMon, MaNH, TenMon, MaLoai, Gia, MoTa) VALUES (N'MA04012', N'NH040', N'Bun thit nuong', N'Bun', 142388, N'Món Bun thit nuong tại Oc Quan Hanh');
INSERT INTO MonAn (MaMon, MaNH, TenMon, MaLoai, Gia, MoTa) VALUES (N'MA04013', N'NH040', N'Ca nuong giay bac', N'Haisan', 44881, N'Món Ca nuong giay bac tại Oc Quan Hanh');
INSERT INTO MonAn (MaMon, MaNH, TenMon, MaLoai, Gia, MoTa) VALUES (N'MA04014', N'NH040', N'Bun rieu cua 1', N'Bun', 87466, N'Món Bun rieu cua 1 tại Oc Quan Hanh');
INSERT INTO MonAn (MaMon, MaNH, TenMon, MaLoai, Gia, MoTa) VALUES (N'MA04015', N'NH040', N'Mi Quang 1', N'Mi', 135222, N'Món Mi Quang 1 tại Oc Quan Hanh');
INSERT INTO NhaHang (MaNH, TenNH, DiaChi, SDT, MaTK) VALUES (N'NH041', N'Lau Ca Keo 123', N'29 Nguyen Van Lac, Binh Thanh, TP.HCM', N'0941000041', N'nhahang41');
INSERT INTO MonAn (MaMon, MaNH, TenMon, MaLoai, Gia, MoTa) VALUES (N'MA04101', N'NH041', N'Mi xao bo', N'Mi', 31802, N'Món Mi xao bo tại Lau Ca Keo 123');
INSERT INTO MonAn (MaMon, MaNH, TenMon, MaLoai, Gia, MoTa) VALUES (N'MA04102', N'NH041', N'Pizza vegetarian', N'Pizza', 146705, N'Món Pizza vegetarian tại Lau Ca Keo 123');
INSERT INTO MonAn (MaMon, MaNH, TenMon, MaLoai, Gia, MoTa) VALUES (N'MA04103', N'NH041', N'Tra sua tran chau hoang kim', N'Trasua', 96460, N'Món Tra sua tran chau hoang kim tại Lau Ca Keo 123');
INSERT INTO MonAn (MaMon, MaNH, TenMon, MaLoai, Gia, MoTa) VALUES (N'MA04104', N'NH041', N'Sushi ca hoi', N'Sushi', 26624, N'Món Sushi ca hoi tại Lau Ca Keo 123');
INSERT INTO MonAn (MaMon, MaNH, TenMon, MaLoai, Gia, MoTa) VALUES (N'MA04105', N'NH041', N'Lau nam chay', N'Lau', 98317, N'Món Lau nam chay tại Lau Ca Keo 123');
INSERT INTO MonAn (MaMon, MaNH, TenMon, MaLoai, Gia, MoTa) VALUES (N'MA04106', N'NH041', N'Beef tenderloin', N'Steak', 57453, N'Món Beef tenderloin tại Lau Ca Keo 123');
INSERT INTO MonAn (MaMon, MaNH, TenMon, MaLoai, Gia, MoTa) VALUES (N'MA04107', N'NH041', N'Banh trang tron', N'AnVat', 131040, N'Món Banh trang tron tại Lau Ca Keo 123');
INSERT INTO MonAn (MaMon, MaNH, TenMon, MaLoai, Gia, MoTa) VALUES (N'MA04108', N'NH041', N'Pho chin', N'Pho', 37555, N'Món Pho chin tại Lau Ca Keo 123');
INSERT INTO MonAn (MaMon, MaNH, TenMon, MaLoai, Gia, MoTa) VALUES (N'MA04109', N'NH041', N'Lau kimchi', N'Lau', 120120, N'Món Lau kimchi tại Lau Ca Keo 123');
INSERT INTO MonAn (MaMon, MaNH, TenMon, MaLoai, Gia, MoTa) VALUES (N'MA04110', N'NH041', N'Pizza thap cam', N'Pizza', 25930, N'Món Pizza thap cam tại Lau Ca Keo 123');
INSERT INTO MonAn (MaMon, MaNH, TenMon, MaLoai, Gia, MoTa) VALUES (N'MA04111', N'NH041', N'Pizza hai san', N'Pizza', 94747, N'Món Pizza hai san tại Lau Ca Keo 123');
INSERT INTO MonAn (MaMon, MaNH, TenMon, MaLoai, Gia, MoTa) VALUES (N'MA04112', N'NH041', N'Khoai tay chien', N'AnVat', 67516, N'Món Khoai tay chien tại Lau Ca Keo 123');
INSERT INTO MonAn (MaMon, MaNH, TenMon, MaLoai, Gia, MoTa) VALUES (N'MA04113', N'NH041', N'Nem chua ran', N'AnVat', 29637, N'Món Nem chua ran tại Lau Ca Keo 123');
INSERT INTO MonAn (MaMon, MaNH, TenMon, MaLoai, Gia, MoTa) VALUES (N'MA04114', N'NH041', N'Pizza vegetarian 1', N'Pizza', 120191, N'Món Pizza vegetarian 1 tại Lau Ca Keo 123');
INSERT INTO MonAn (MaMon, MaNH, TenMon, MaLoai, Gia, MoTa) VALUES (N'MA04115', N'NH041', N'Nem chua ran 1', N'AnVat', 128175, N'Món Nem chua ran 1 tại Lau Ca Keo 123');
INSERT INTO MonAn (MaMon, MaNH, TenMon, MaLoai, Gia, MoTa) VALUES (N'MA04116', N'NH041', N'Hau nuong', N'Haisan', 35572, N'Món Hau nuong tại Lau Ca Keo 123');
INSERT INTO MonAn (MaMon, MaNH, TenMon, MaLoai, Gia, MoTa) VALUES (N'MA04117', N'NH041', N'Bun bo Hue', N'Bun', 71629, N'Món Bun bo Hue tại Lau Ca Keo 123');
INSERT INTO MonAn (MaMon, MaNH, TenMon, MaLoai, Gia, MoTa) VALUES (N'MA04118', N'NH041', N'Sashimi ca hoi', N'Sushi', 93116, N'Món Sashimi ca hoi tại Lau Ca Keo 123');
INSERT INTO MonAn (MaMon, MaNH, TenMon, MaLoai, Gia, MoTa) VALUES (N'MA04119', N'NH041', N'Salmon nigiri', N'Sushi', 46090, N'Món Salmon nigiri tại Lau Ca Keo 123');
INSERT INTO NhaHang (MaNH, TenNH, DiaChi, SDT, MaTK) VALUES (N'NH042', N'Banh Mi PewPew', N'66 Nguyen Trai, Quan 5, TP.HCM', N'0942000042', N'nhahang42');
INSERT INTO MonAn (MaMon, MaNH, TenMon, MaLoai, Gia, MoTa) VALUES (N'MA04201', N'NH042', N'Banh mi kep', N'AnVat', 85546, N'Món Banh mi kep tại Banh Mi PewPew');
INSERT INTO MonAn (MaMon, MaNH, TenMon, MaLoai, Gia, MoTa) VALUES (N'MA04202', N'NH042', N'Com tam suon bi cha', N'Com', 25100, N'Món Com tam suon bi cha tại Banh Mi PewPew');
INSERT INTO MonAn (MaMon, MaNH, TenMon, MaLoai, Gia, MoTa) VALUES (N'MA04203', N'NH042', N'Bun bo nam bo', N'Bun', 63652, N'Món Bun bo nam bo tại Banh Mi PewPew');
INSERT INTO MonAn (MaMon, MaNH, TenMon, MaLoai, Gia, MoTa) VALUES (N'MA04204', N'NH042', N'Mi Quang', N'Mi', 39521, N'Món Mi Quang tại Banh Mi PewPew');
INSERT INTO MonAn (MaMon, MaNH, TenMon, MaLoai, Gia, MoTa) VALUES (N'MA04205', N'NH042', N'Hau nuong', N'Haisan', 38321, N'Món Hau nuong tại Banh Mi PewPew');
INSERT INTO MonAn (MaMon, MaNH, TenMon, MaLoai, Gia, MoTa) VALUES (N'MA04206', N'NH042', N'Dragon roll', N'Sushi', 61750, N'Món Dragon roll tại Banh Mi PewPew');
INSERT INTO MonAn (MaMon, MaNH, TenMon, MaLoai, Gia, MoTa) VALUES (N'MA04207', N'NH042', N'Bun rieu cua', N'Bun', 149841, N'Món Bun rieu cua tại Banh Mi PewPew');
INSERT INTO MonAn (MaMon, MaNH, TenMon, MaLoai, Gia, MoTa) VALUES (N'MA04208', N'NH042', N'Ca nuong giay bac', N'Haisan', 97820, N'Món Ca nuong giay bac tại Banh Mi PewPew');
INSERT INTO MonAn (MaMon, MaNH, TenMon, MaLoai, Gia, MoTa) VALUES (N'MA04209', N'NH042', N'Dragon roll 1', N'Sushi', 128565, N'Món Dragon roll 1 tại Banh Mi PewPew');
INSERT INTO MonAn (MaMon, MaNH, TenMon, MaLoai, Gia, MoTa) VALUES (N'MA04210', N'NH042', N'Oc xao me', N'AnVat', 84205, N'Món Oc xao me tại Banh Mi PewPew');
INSERT INTO MonAn (MaMon, MaNH, TenMon, MaLoai, Gia, MoTa) VALUES (N'MA04211', N'NH042', N'Goi cuon chay', N'Chay', 82245, N'Món Goi cuon chay tại Banh Mi PewPew');
INSERT INTO MonAn (MaMon, MaNH, TenMon, MaLoai, Gia, MoTa) VALUES (N'MA04212', N'NH042', N'Com chay', N'Com', 63416, N'Món Com chay tại Banh Mi PewPew');
INSERT INTO MonAn (MaMon, MaNH, TenMon, MaLoai, Gia, MoTa) VALUES (N'MA04213', N'NH042', N'Steak bo ribeye', N'Steak', 148437, N'Món Steak bo ribeye tại Banh Mi PewPew');
INSERT INTO MonAn (MaMon, MaNH, TenMon, MaLoai, Gia, MoTa) VALUES (N'MA04214', N'NH042', N'Pizza thap cam', N'Pizza', 124432, N'Món Pizza thap cam tại Banh Mi PewPew');
INSERT INTO MonAn (MaMon, MaNH, TenMon, MaLoai, Gia, MoTa) VALUES (N'MA04215', N'NH042', N'Lau nam chay', N'Chay', 98238, N'Món Lau nam chay tại Banh Mi PewPew');
INSERT INTO MonAn (MaMon, MaNH, TenMon, MaLoai, Gia, MoTa) VALUES (N'MA04216', N'NH042', N'Mi tom chua cay', N'Mi', 146755, N'Món Mi tom chua cay tại Banh Mi PewPew');
INSERT INTO MonAn (MaMon, MaNH, TenMon, MaLoai, Gia, MoTa) VALUES (N'MA04217', N'NH042', N'Steak bo wagyu', N'Steak', 114555, N'Món Steak bo wagyu tại Banh Mi PewPew');
INSERT INTO MonAn (MaMon, MaNH, TenMon, MaLoai, Gia, MoTa) VALUES (N'MA04218', N'NH042', N'Com suon ram', N'Com', 82973, N'Món Com suon ram tại Banh Mi PewPew');
INSERT INTO MonAn (MaMon, MaNH, TenMon, MaLoai, Gia, MoTa) VALUES (N'MA04219', N'NH042', N'Bun mam', N'Bun', 102447, N'Món Bun mam tại Banh Mi PewPew');
INSERT INTO MonAn (MaMon, MaNH, TenMon, MaLoai, Gia, MoTa) VALUES (N'MA04220', N'NH042', N'Bun chay Huong Sen', N'Chay', 39369, N'Món Bun chay Huong Sen tại Banh Mi PewPew');
INSERT INTO MonAn (MaMon, MaNH, TenMon, MaLoai, Gia, MoTa) VALUES (N'MA04221', N'NH042', N'Steak bo wagyu 1', N'Steak', 24138, N'Món Steak bo wagyu 1 tại Banh Mi PewPew');
INSERT INTO MonAn (MaMon, MaNH, TenMon, MaLoai, Gia, MoTa) VALUES (N'MA04222', N'NH042', N'Tom nuong muoi ot', N'Haisan', 45006, N'Món Tom nuong muoi ot tại Banh Mi PewPew');
INSERT INTO MonAn (MaMon, MaNH, TenMon, MaLoai, Gia, MoTa) VALUES (N'MA04223', N'NH042', N'Com ga hai nam', N'Com', 61116, N'Món Com ga hai nam tại Banh Mi PewPew');
INSERT INTO MonAn (MaMon, MaNH, TenMon, MaLoai, Gia, MoTa) VALUES (N'MA04224', N'NH042', N'Pizza pepperoni', N'Pizza', 74127, N'Món Pizza pepperoni tại Banh Mi PewPew');
INSERT INTO NhaHang (MaNH, TenNH, DiaChi, SDT, MaTK) VALUES (N'NH043', N'Banh Canh Trang Bang', N'98 Ly Chinh Thang, Quan 3, TP.HCM', N'0943000043', N'nhahang43');
INSERT INTO MonAn (MaMon, MaNH, TenMon, MaLoai, Gia, MoTa) VALUES (N'MA04301', N'NH043', N'Pizza vegetarian', N'Pizza', 134401, N'Món Pizza vegetarian tại Banh Canh Trang Bang');
INSERT INTO MonAn (MaMon, MaNH, TenMon, MaLoai, Gia, MoTa) VALUES (N'MA04302', N'NH043', N'Lau nam chay', N'Chay', 112507, N'Món Lau nam chay tại Banh Canh Trang Bang');
INSERT INTO MonAn (MaMon, MaNH, TenMon, MaLoai, Gia, MoTa) VALUES (N'MA04303', N'NH043', N'Bun mam', N'Bun', 47176, N'Món Bun mam tại Banh Canh Trang Bang');
INSERT INTO MonAn (MaMon, MaNH, TenMon, MaLoai, Gia, MoTa) VALUES (N'MA04304', N'NH043', N'Nem chua ran', N'AnVat', 106799, N'Món Nem chua ran tại Banh Canh Trang Bang');
INSERT INTO MonAn (MaMon, MaNH, TenMon, MaLoai, Gia, MoTa) VALUES (N'MA04305', N'NH043', N'Mi Quang', N'Mi', 61124, N'Món Mi Quang tại Banh Canh Trang Bang');
INSERT INTO MonAn (MaMon, MaNH, TenMon, MaLoai, Gia, MoTa) VALUES (N'MA04306', N'NH043', N'Bun rieu cua', N'Bun', 139553, N'Món Bun rieu cua tại Banh Canh Trang Bang');
INSERT INTO MonAn (MaMon, MaNH, TenMon, MaLoai, Gia, MoTa) VALUES (N'MA04307', N'NH043', N'Nem chua ran 1', N'AnVat', 91601, N'Món Nem chua ran 1 tại Banh Canh Trang Bang');
INSERT INTO MonAn (MaMon, MaNH, TenMon, MaLoai, Gia, MoTa) VALUES (N'MA04308', N'NH043', N'Sashimi ca hoi', N'Sushi', 99963, N'Món Sashimi ca hoi tại Banh Canh Trang Bang');
INSERT INTO MonAn (MaMon, MaNH, TenMon, MaLoai, Gia, MoTa) VALUES (N'MA04309', N'NH043', N'Mi hoanh thanh', N'Mi', 145480, N'Món Mi hoanh thanh tại Banh Canh Trang Bang');
INSERT INTO MonAn (MaMon, MaNH, TenMon, MaLoai, Gia, MoTa) VALUES (N'MA04310', N'NH043', N'Tra sua matcha', N'Trasua', 93149, N'Món Tra sua matcha tại Banh Canh Trang Bang');
INSERT INTO MonAn (MaMon, MaNH, TenMon, MaLoai, Gia, MoTa) VALUES (N'MA04311', N'NH043', N'Lau thai', N'Lau', 143402, N'Món Lau thai tại Banh Canh Trang Bang');
INSERT INTO MonAn (MaMon, MaNH, TenMon, MaLoai, Gia, MoTa) VALUES (N'MA04312', N'NH043', N'Lau kimchi', N'Lau', 112392, N'Món Lau kimchi tại Banh Canh Trang Bang');
INSERT INTO MonAn (MaMon, MaNH, TenMon, MaLoai, Gia, MoTa) VALUES (N'MA04313', N'NH043', N'Tra sua hongkong', N'Trasua', 112404, N'Món Tra sua hongkong tại Banh Canh Trang Bang');
INSERT INTO MonAn (MaMon, MaNH, TenMon, MaLoai, Gia, MoTa) VALUES (N'MA04314', N'NH043', N'Mi tom chua cay', N'Mi', 82888, N'Món Mi tom chua cay tại Banh Canh Trang Bang');
INSERT INTO MonAn (MaMon, MaNH, TenMon, MaLoai, Gia, MoTa) VALUES (N'MA04315', N'NH043', N'Dragon roll', N'Sushi', 142381, N'Món Dragon roll tại Banh Canh Trang Bang');
INSERT INTO MonAn (MaMon, MaNH, TenMon, MaLoai, Gia, MoTa) VALUES (N'MA04316', N'NH043', N'Goi cuon chay', N'Chay', 57721, N'Món Goi cuon chay tại Banh Canh Trang Bang');
INSERT INTO MonAn (MaMon, MaNH, TenMon, MaLoai, Gia, MoTa) VALUES (N'MA04317', N'NH043', N'Pho bo vien', N'Pho', 108686, N'Món Pho bo vien tại Banh Canh Trang Bang');
INSERT INTO MonAn (MaMon, MaNH, TenMon, MaLoai, Gia, MoTa) VALUES (N'MA04318', N'NH043', N'Banh mi kep', N'AnVat', 137409, N'Món Banh mi kep tại Banh Canh Trang Bang');
INSERT INTO NhaHang (MaNH, TenNH, DiaChi, SDT, MaTK) VALUES (N'NH044', N'Nhat Sakura', N'123 Pasteur, Quan 1, TP.HCM', N'0944000044', N'nhahang44');
INSERT INTO MonAn (MaMon, MaNH, TenMon, MaLoai, Gia, MoTa) VALUES (N'MA04401', N'NH044', N'Salmon nigiri', N'Sushi', 58070, N'Món Salmon nigiri tại Nhat Sakura');
INSERT INTO MonAn (MaMon, MaNH, TenMon, MaLoai, Gia, MoTa) VALUES (N'MA04402', N'NH044', N'Com kho ca', N'Com', 145214, N'Món Com kho ca tại Nhat Sakura');
INSERT INTO MonAn (MaMon, MaNH, TenMon, MaLoai, Gia, MoTa) VALUES (N'MA04403', N'NH044', N'Lau nam chay', N'Chay', 65398, N'Món Lau nam chay tại Nhat Sakura');
INSERT INTO MonAn (MaMon, MaNH, TenMon, MaLoai, Gia, MoTa) VALUES (N'MA04404', N'NH044', N'Mi tom chua cay', N'Mi', 117955, N'Món Mi tom chua cay tại Nhat Sakura');
INSERT INTO MonAn (MaMon, MaNH, TenMon, MaLoai, Gia, MoTa) VALUES (N'MA04405', N'NH044', N'Mi hoanh thanh', N'Mi', 46485, N'Món Mi hoanh thanh tại Nhat Sakura');
INSERT INTO MonAn (MaMon, MaNH, TenMon, MaLoai, Gia, MoTa) VALUES (N'MA04406', N'NH044', N'Nem chua ran', N'AnVat', 142293, N'Món Nem chua ran tại Nhat Sakura');
INSERT INTO MonAn (MaMon, MaNH, TenMon, MaLoai, Gia, MoTa) VALUES (N'MA04407', N'NH044', N'Nem chua ran 1', N'AnVat', 37992, N'Món Nem chua ran 1 tại Nhat Sakura');
INSERT INTO MonAn (MaMon, MaNH, TenMon, MaLoai, Gia, MoTa) VALUES (N'MA04408', N'NH044', N'Pho bo vien', N'Pho', 117110, N'Món Pho bo vien tại Nhat Sakura');
INSERT INTO MonAn (MaMon, MaNH, TenMon, MaLoai, Gia, MoTa) VALUES (N'MA04409', N'NH044', N'Muc chien gion', N'Haisan', 51779, N'Món Muc chien gion tại Nhat Sakura');
INSERT INTO MonAn (MaMon, MaNH, TenMon, MaLoai, Gia, MoTa) VALUES (N'MA04410', N'NH044', N'Com thap cam', N'Com', 49579, N'Món Com thap cam tại Nhat Sakura');
INSERT INTO MonAn (MaMon, MaNH, TenMon, MaLoai, Gia, MoTa) VALUES (N'MA04411', N'NH044', N'Steak bo wagyu', N'Steak', 26880, N'Món Steak bo wagyu tại Nhat Sakura');
INSERT INTO MonAn (MaMon, MaNH, TenMon, MaLoai, Gia, MoTa) VALUES (N'MA04412', N'NH044', N'Pho chin', N'Pho', 63292, N'Món Pho chin tại Nhat Sakura');
INSERT INTO MonAn (MaMon, MaNH, TenMon, MaLoai, Gia, MoTa) VALUES (N'MA04413', N'NH044', N'Bun chay Huong Sen', N'Chay', 33178, N'Món Bun chay Huong Sen tại Nhat Sakura');
INSERT INTO MonAn (MaMon, MaNH, TenMon, MaLoai, Gia, MoTa) VALUES (N'MA04414', N'NH044', N'Steak bo wagyu 1', N'Steak', 20679, N'Món Steak bo wagyu 1 tại Nhat Sakura');
INSERT INTO MonAn (MaMon, MaNH, TenMon, MaLoai, Gia, MoTa) VALUES (N'MA04415', N'NH044', N'Khoai tay chien', N'AnVat', 73334, N'Món Khoai tay chien tại Nhat Sakura');
INSERT INTO MonAn (MaMon, MaNH, TenMon, MaLoai, Gia, MoTa) VALUES (N'MA04416', N'NH044', N'Beef tenderloin', N'Steak', 82580, N'Món Beef tenderloin tại Nhat Sakura');
INSERT INTO MonAn (MaMon, MaNH, TenMon, MaLoai, Gia, MoTa) VALUES (N'MA04417', N'NH044', N'Steak bo wagyu 2', N'Steak', 119078, N'Món Steak bo wagyu 2 tại Nhat Sakura');
INSERT INTO MonAn (MaMon, MaNH, TenMon, MaLoai, Gia, MoTa) VALUES (N'MA04418', N'NH044', N'Lau kimchi', N'Lau', 57409, N'Món Lau kimchi tại Nhat Sakura');
INSERT INTO MonAn (MaMon, MaNH, TenMon, MaLoai, Gia, MoTa) VALUES (N'MA04419', N'NH044', N'Steak bo ribeye', N'Steak', 139005, N'Món Steak bo ribeye tại Nhat Sakura');
INSERT INTO MonAn (MaMon, MaNH, TenMon, MaLoai, Gia, MoTa) VALUES (N'MA04420', N'NH044', N'Pho bo vien 1', N'Pho', 50437, N'Món Pho bo vien 1 tại Nhat Sakura');
INSERT INTO MonAn (MaMon, MaNH, TenMon, MaLoai, Gia, MoTa) VALUES (N'MA04421', N'NH044', N'Banh trang tron', N'AnVat', 139698, N'Món Banh trang tron tại Nhat Sakura');
INSERT INTO NhaHang (MaNH, TenNH, DiaChi, SDT, MaTK) VALUES (N'NH045', N'Lau De Tu Suu', N'54 Nguyen Tri Phuong, Quan 10, TP.HCM', N'0945000045', N'nhahang45');
INSERT INTO MonAn (MaMon, MaNH, TenMon, MaLoai, Gia, MoTa) VALUES (N'MA04501', N'NH045', N'Pizza pepperoni', N'Pizza', 142411, N'Món Pizza pepperoni tại Lau De Tu Suu');
INSERT INTO MonAn (MaMon, MaNH, TenMon, MaLoai, Gia, MoTa) VALUES (N'MA04502', N'NH045', N'Com rang hai san', N'Com', 123279, N'Món Com rang hai san tại Lau De Tu Suu');
INSERT INTO MonAn (MaMon, MaNH, TenMon, MaLoai, Gia, MoTa) VALUES (N'MA04503', N'NH045', N'Mi hoanh thanh', N'Mi', 142763, N'Món Mi hoanh thanh tại Lau De Tu Suu');
INSERT INTO MonAn (MaMon, MaNH, TenMon, MaLoai, Gia, MoTa) VALUES (N'MA04504', N'NH045', N'Goi cuon chay', N'Chay', 134916, N'Món Goi cuon chay tại Lau De Tu Suu');
INSERT INTO MonAn (MaMon, MaNH, TenMon, MaLoai, Gia, MoTa) VALUES (N'MA04505', N'NH045', N'Com tam suon bi cha', N'Com', 59110, N'Món Com tam suon bi cha tại Lau De Tu Suu');
INSERT INTO MonAn (MaMon, MaNH, TenMon, MaLoai, Gia, MoTa) VALUES (N'MA04506', N'NH045', N'Hau nuong', N'Haisan', 34064, N'Món Hau nuong tại Lau De Tu Suu');
INSERT INTO MonAn (MaMon, MaNH, TenMon, MaLoai, Gia, MoTa) VALUES (N'MA04507', N'NH045', N'Sashimi ca hoi', N'Sushi', 79552, N'Món Sashimi ca hoi tại Lau De Tu Suu');
INSERT INTO MonAn (MaMon, MaNH, TenMon, MaLoai, Gia, MoTa) VALUES (N'MA04508', N'NH045', N'Beef tenderloin', N'Steak', 136557, N'Món Beef tenderloin tại Lau De Tu Suu');
INSERT INTO MonAn (MaMon, MaNH, TenMon, MaLoai, Gia, MoTa) VALUES (N'MA04509', N'NH045', N'Bun mam', N'Bun', 81344, N'Món Bun mam tại Lau De Tu Suu');
INSERT INTO MonAn (MaMon, MaNH, TenMon, MaLoai, Gia, MoTa) VALUES (N'MA04510', N'NH045', N'Lau thai', N'Lau', 126012, N'Món Lau thai tại Lau De Tu Suu');
INSERT INTO MonAn (MaMon, MaNH, TenMon, MaLoai, Gia, MoTa) VALUES (N'MA04511', N'NH045', N'Pho dac biet', N'Pho', 41298, N'Món Pho dac biet tại Lau De Tu Suu');
INSERT INTO MonAn (MaMon, MaNH, TenMon, MaLoai, Gia, MoTa) VALUES (N'MA04512', N'NH045', N'Bun chay Huong Sen', N'Chay', 104972, N'Món Bun chay Huong Sen tại Lau De Tu Suu');
INSERT INTO MonAn (MaMon, MaNH, TenMon, MaLoai, Gia, MoTa) VALUES (N'MA04513', N'NH045', N'Lau thai 1', N'Lau', 21846, N'Món Lau thai 1 tại Lau De Tu Suu');
INSERT INTO MonAn (MaMon, MaNH, TenMon, MaLoai, Gia, MoTa) VALUES (N'MA04514', N'NH045', N'Goi cuon chay 1', N'Chay', 123647, N'Món Goi cuon chay 1 tại Lau De Tu Suu');
INSERT INTO MonAn (MaMon, MaNH, TenMon, MaLoai, Gia, MoTa) VALUES (N'MA04515', N'NH045', N'Lau bo tom', N'Lau', 108395, N'Món Lau bo tom tại Lau De Tu Suu');
INSERT INTO MonAn (MaMon, MaNH, TenMon, MaLoai, Gia, MoTa) VALUES (N'MA04516', N'NH045', N'Tra sua tran chau hoang kim', N'Trasua', 100079, N'Món Tra sua tran chau hoang kim tại Lau De Tu Suu');
INSERT INTO MonAn (MaMon, MaNH, TenMon, MaLoai, Gia, MoTa) VALUES (N'MA04517', N'NH045', N'Beef tenderloin 1', N'Steak', 128395, N'Món Beef tenderloin 1 tại Lau De Tu Suu');
INSERT INTO NhaHang (MaNH, TenNH, DiaChi, SDT, MaTK) VALUES (N'NH046', N'Com Nieu Huong Viet', N'11 Nguyen Thi Minh Khai, Quan 1, TP.HCM', N'0946000046', N'nhahang46');
INSERT INTO MonAn (MaMon, MaNH, TenMon, MaLoai, Gia, MoTa) VALUES (N'MA04601', N'NH046', N'Nem chua ran', N'AnVat', 31368, N'Món Nem chua ran tại Com Nieu Huong Viet');
INSERT INTO MonAn (MaMon, MaNH, TenMon, MaLoai, Gia, MoTa) VALUES (N'MA04602', N'NH046', N'Pizza hai san', N'Pizza', 44219, N'Món Pizza hai san tại Com Nieu Huong Viet');
INSERT INTO MonAn (MaMon, MaNH, TenMon, MaLoai, Gia, MoTa) VALUES (N'MA04603', N'NH046', N'Bun rieu cua', N'Bun', 62415, N'Món Bun rieu cua tại Com Nieu Huong Viet');
INSERT INTO MonAn (MaMon, MaNH, TenMon, MaLoai, Gia, MoTa) VALUES (N'MA04604', N'NH046', N'Tra sua tran chau duong den', N'Trasua', 54181, N'Món Tra sua tran chau duong den tại Com Nieu Huong Viet');
INSERT INTO MonAn (MaMon, MaNH, TenMon, MaLoai, Gia, MoTa) VALUES (N'MA04605', N'NH046', N'Pizza pepperoni', N'Pizza', 78554, N'Món Pizza pepperoni tại Com Nieu Huong Viet');
INSERT INTO MonAn (MaMon, MaNH, TenMon, MaLoai, Gia, MoTa) VALUES (N'MA04606', N'NH046', N'Lau kimchi', N'Lau', 59576, N'Món Lau kimchi tại Com Nieu Huong Viet');
INSERT INTO MonAn (MaMon, MaNH, TenMon, MaLoai, Gia, MoTa) VALUES (N'MA04607', N'NH046', N'Hau nuong', N'Haisan', 21498, N'Món Hau nuong tại Com Nieu Huong Viet');
INSERT INTO MonAn (MaMon, MaNH, TenMon, MaLoai, Gia, MoTa) VALUES (N'MA04608', N'NH046', N'Lau kimchi 1', N'Lau', 110802, N'Món Lau kimchi 1 tại Com Nieu Huong Viet');
INSERT INTO MonAn (MaMon, MaNH, TenMon, MaLoai, Gia, MoTa) VALUES (N'MA04609', N'NH046', N'Tra sua tran chau duong den 1', N'Trasua', 107528, N'Món Tra sua tran chau duong den 1 tại Com Nieu Huong Viet');
INSERT INTO MonAn (MaMon, MaNH, TenMon, MaLoai, Gia, MoTa) VALUES (N'MA04610', N'NH046', N'Pho chin', N'Pho', 60213, N'Món Pho chin tại Com Nieu Huong Viet');
INSERT INTO MonAn (MaMon, MaNH, TenMon, MaLoai, Gia, MoTa) VALUES (N'MA04611', N'NH046', N'Bun rieu cua 1', N'Bun', 109925, N'Món Bun rieu cua 1 tại Com Nieu Huong Viet');
INSERT INTO MonAn (MaMon, MaNH, TenMon, MaLoai, Gia, MoTa) VALUES (N'MA04612', N'NH046', N'Nem chua ran 1', N'AnVat', 110477, N'Món Nem chua ran 1 tại Com Nieu Huong Viet');
INSERT INTO MonAn (MaMon, MaNH, TenMon, MaLoai, Gia, MoTa) VALUES (N'MA04613', N'NH046', N'Pho dac biet', N'Pho', 68174, N'Món Pho dac biet tại Com Nieu Huong Viet');
INSERT INTO MonAn (MaMon, MaNH, TenMon, MaLoai, Gia, MoTa) VALUES (N'MA04614', N'NH046', N'Muc chien gion', N'Haisan', 48721, N'Món Muc chien gion tại Com Nieu Huong Viet');
INSERT INTO MonAn (MaMon, MaNH, TenMon, MaLoai, Gia, MoTa) VALUES (N'MA04615', N'NH046', N'Bun rieu cua 2', N'Bun', 40078, N'Món Bun rieu cua 2 tại Com Nieu Huong Viet');
INSERT INTO MonAn (MaMon, MaNH, TenMon, MaLoai, Gia, MoTa) VALUES (N'MA04616', N'NH046', N'Mi tom chua cay', N'Mi', 74505, N'Món Mi tom chua cay tại Com Nieu Huong Viet');
INSERT INTO MonAn (MaMon, MaNH, TenMon, MaLoai, Gia, MoTa) VALUES (N'MA04617', N'NH046', N'Bun chay Huong Sen', N'Chay', 119267, N'Món Bun chay Huong Sen tại Com Nieu Huong Viet');
INSERT INTO MonAn (MaMon, MaNH, TenMon, MaLoai, Gia, MoTa) VALUES (N'MA04618', N'NH046', N'Khoai tay chien', N'AnVat', 119858, N'Món Khoai tay chien tại Com Nieu Huong Viet');
INSERT INTO MonAn (MaMon, MaNH, TenMon, MaLoai, Gia, MoTa) VALUES (N'MA04619', N'NH046', N'Tra sua hongkong', N'Trasua', 118925, N'Món Tra sua hongkong tại Com Nieu Huong Viet');
INSERT INTO MonAn (MaMon, MaNH, TenMon, MaLoai, Gia, MoTa) VALUES (N'MA04620', N'NH046', N'Tom nuong muoi ot', N'Haisan', 88879, N'Món Tom nuong muoi ot tại Com Nieu Huong Viet');
INSERT INTO MonAn (MaMon, MaNH, TenMon, MaLoai, Gia, MoTa) VALUES (N'MA04621', N'NH046', N'Mi tom chua cay 1', N'Mi', 30237, N'Món Mi tom chua cay 1 tại Com Nieu Huong Viet');
INSERT INTO NhaHang (MaNH, TenNH, DiaChi, SDT, MaTK) VALUES (N'NH047', N'Gogi House Landmark81', N'Landmark 81, Binh Thanh, TP.HCM', N'0947000047', N'nhahang47');
INSERT INTO MonAn (MaMon, MaNH, TenMon, MaLoai, Gia, MoTa) VALUES (N'MA04701', N'NH047', N'Pho bo tai', N'Pho', 128629, N'Món Pho bo tai tại Gogi House Landmark81');
INSERT INTO MonAn (MaMon, MaNH, TenMon, MaLoai, Gia, MoTa) VALUES (N'MA04702', N'NH047', N'Oc xao me', N'AnVat', 46497, N'Món Oc xao me tại Gogi House Landmark81');
INSERT INTO MonAn (MaMon, MaNH, TenMon, MaLoai, Gia, MoTa) VALUES (N'MA04703', N'NH047', N'Hau nuong', N'Haisan', 39641, N'Món Hau nuong tại Gogi House Landmark81');
INSERT INTO MonAn (MaMon, MaNH, TenMon, MaLoai, Gia, MoTa) VALUES (N'MA04704', N'NH047', N'Bun thit nuong', N'Bun', 131999, N'Món Bun thit nuong tại Gogi House Landmark81');
INSERT INTO MonAn (MaMon, MaNH, TenMon, MaLoai, Gia, MoTa) VALUES (N'MA04705', N'NH047', N'Banh mi kep', N'AnVat', 35235, N'Món Banh mi kep tại Gogi House Landmark81');
INSERT INTO MonAn (MaMon, MaNH, TenMon, MaLoai, Gia, MoTa) VALUES (N'MA04706', N'NH047', N'Steak bo wagyu', N'Steak', 113967, N'Món Steak bo wagyu tại Gogi House Landmark81');
INSERT INTO MonAn (MaMon, MaNH, TenMon, MaLoai, Gia, MoTa) VALUES (N'MA04707', N'NH047', N'Ghe hap bia', N'Haisan', 31919, N'Món Ghe hap bia tại Gogi House Landmark81');
INSERT INTO MonAn (MaMon, MaNH, TenMon, MaLoai, Gia, MoTa) VALUES (N'MA04708', N'NH047', N'Banh mi kep 1', N'AnVat', 125996, N'Món Banh mi kep 1 tại Gogi House Landmark81');
INSERT INTO MonAn (MaMon, MaNH, TenMon, MaLoai, Gia, MoTa) VALUES (N'MA04709', N'NH047', N'Com ga hai nam', N'Com', 37294, N'Món Com ga hai nam tại Gogi House Landmark81');
INSERT INTO MonAn (MaMon, MaNH, TenMon, MaLoai, Gia, MoTa) VALUES (N'MA04710', N'NH047', N'Banh mi kep 2', N'AnVat', 79873, N'Món Banh mi kep 2 tại Gogi House Landmark81');
INSERT INTO MonAn (MaMon, MaNH, TenMon, MaLoai, Gia, MoTa) VALUES (N'MA04711', N'NH047', N'Tom nuong muoi ot', N'Haisan', 93242, N'Món Tom nuong muoi ot tại Gogi House Landmark81');
INSERT INTO MonAn (MaMon, MaNH, TenMon, MaLoai, Gia, MoTa) VALUES (N'MA04712', N'NH047', N'Mi tom chua cay', N'Mi', 114801, N'Món Mi tom chua cay tại Gogi House Landmark81');
INSERT INTO MonAn (MaMon, MaNH, TenMon, MaLoai, Gia, MoTa) VALUES (N'MA04713', N'NH047', N'Com rang hai san', N'Com', 53352, N'Món Com rang hai san tại Gogi House Landmark81');
INSERT INTO MonAn (MaMon, MaNH, TenMon, MaLoai, Gia, MoTa) VALUES (N'MA04714', N'NH047', N'Com suon nuong', N'Com', 95800, N'Món Com suon nuong tại Gogi House Landmark81');
INSERT INTO MonAn (MaMon, MaNH, TenMon, MaLoai, Gia, MoTa) VALUES (N'MA04715', N'NH047', N'Pho bo tai 1', N'Pho', 75534, N'Món Pho bo tai 1 tại Gogi House Landmark81');
INSERT INTO MonAn (MaMon, MaNH, TenMon, MaLoai, Gia, MoTa) VALUES (N'MA04716', N'NH047', N'Sushi ca hoi', N'Sushi', 90931, N'Món Sushi ca hoi tại Gogi House Landmark81');
INSERT INTO MonAn (MaMon, MaNH, TenMon, MaLoai, Gia, MoTa) VALUES (N'MA04717', N'NH047', N'Com ga xoi mo', N'Com', 149254, N'Món Com ga xoi mo tại Gogi House Landmark81');
INSERT INTO MonAn (MaMon, MaNH, TenMon, MaLoai, Gia, MoTa) VALUES (N'MA04718', N'NH047', N'Mi xao bo', N'Mi', 57629, N'Món Mi xao bo tại Gogi House Landmark81');
INSERT INTO MonAn (MaMon, MaNH, TenMon, MaLoai, Gia, MoTa) VALUES (N'MA04719', N'NH047', N'Pizza pepperoni', N'Pizza', 120790, N'Món Pizza pepperoni tại Gogi House Landmark81');
INSERT INTO MonAn (MaMon, MaNH, TenMon, MaLoai, Gia, MoTa) VALUES (N'MA04720', N'NH047', N'Bun bo nam bo', N'Bun', 148232, N'Món Bun bo nam bo tại Gogi House Landmark81');
INSERT INTO MonAn (MaMon, MaNH, TenMon, MaLoai, Gia, MoTa) VALUES (N'MA04721', N'NH047', N'Bun chay Huong Sen', N'Chay', 69081, N'Món Bun chay Huong Sen tại Gogi House Landmark81');
INSERT INTO MonAn (MaMon, MaNH, TenMon, MaLoai, Gia, MoTa) VALUES (N'MA04722', N'NH047', N'Pizza vegetarian', N'Pizza', 133982, N'Món Pizza vegetarian tại Gogi House Landmark81');
INSERT INTO MonAn (MaMon, MaNH, TenMon, MaLoai, Gia, MoTa) VALUES (N'MA04723', N'NH047', N'Pizza vegetarian 1', N'Pizza', 30518, N'Món Pizza vegetarian 1 tại Gogi House Landmark81');
INSERT INTO MonAn (MaMon, MaNH, TenMon, MaLoai, Gia, MoTa) VALUES (N'MA04724', N'NH047', N'Steak bo wagyu 1', N'Steak', 105660, N'Món Steak bo wagyu 1 tại Gogi House Landmark81');
INSERT INTO NhaHang (MaNH, TenNH, DiaChi, SDT, MaTK) VALUES (N'NH048', N'Highlands Vạn Hạnh Mall', N'Van Hanh Mall, Quan 10, TP.HCM', N'0948000048', N'nhahang48');
INSERT INTO MonAn (MaMon, MaNH, TenMon, MaLoai, Gia, MoTa) VALUES (N'MA04801', N'NH048', N'Pho ga', N'Pho', 90419, N'Món Pho ga tại Highlands Vạn Hạnh Mall');
INSERT INTO MonAn (MaMon, MaNH, TenMon, MaLoai, Gia, MoTa) VALUES (N'MA04802', N'NH048', N'Pizza pepperoni', N'Pizza', 115401, N'Món Pizza pepperoni tại Highlands Vạn Hạnh Mall');
INSERT INTO MonAn (MaMon, MaNH, TenMon, MaLoai, Gia, MoTa) VALUES (N'MA04803', N'NH048', N'Tra sua tran chau duong den', N'Trasua', 119113, N'Món Tra sua tran chau duong den tại Highlands Vạn Hạnh Mall');
INSERT INTO MonAn (MaMon, MaNH, TenMon, MaLoai, Gia, MoTa) VALUES (N'MA04804', N'NH048', N'Com kho ca', N'Com', 80686, N'Món Com kho ca tại Highlands Vạn Hạnh Mall');
INSERT INTO MonAn (MaMon, MaNH, TenMon, MaLoai, Gia, MoTa) VALUES (N'MA04805', N'NH048', N'Beef tenderloin', N'Steak', 89721, N'Món Beef tenderloin tại Highlands Vạn Hạnh Mall');
INSERT INTO MonAn (MaMon, MaNH, TenMon, MaLoai, Gia, MoTa) VALUES (N'MA04806', N'NH048', N'Pizza pepperoni 1', N'Pizza', 52441, N'Món Pizza pepperoni 1 tại Highlands Vạn Hạnh Mall');
INSERT INTO MonAn (MaMon, MaNH, TenMon, MaLoai, Gia, MoTa) VALUES (N'MA04807', N'NH048', N'Mi tom chua cay', N'Mi', 40332, N'Món Mi tom chua cay tại Highlands Vạn Hạnh Mall');
INSERT INTO MonAn (MaMon, MaNH, TenMon, MaLoai, Gia, MoTa) VALUES (N'MA04808', N'NH048', N'Lau thai', N'Lau', 142868, N'Món Lau thai tại Highlands Vạn Hạnh Mall');
INSERT INTO MonAn (MaMon, MaNH, TenMon, MaLoai, Gia, MoTa) VALUES (N'MA04809', N'NH048', N'Lau nam chay', N'Chay', 24222, N'Món Lau nam chay tại Highlands Vạn Hạnh Mall');
INSERT INTO MonAn (MaMon, MaNH, TenMon, MaLoai, Gia, MoTa) VALUES (N'MA04810', N'NH048', N'Beef tenderloin 1', N'Steak', 100599, N'Món Beef tenderloin 1 tại Highlands Vạn Hạnh Mall');
INSERT INTO MonAn (MaMon, MaNH, TenMon, MaLoai, Gia, MoTa) VALUES (N'MA04811', N'NH048', N'Com suon nuong', N'Com', 47011, N'Món Com suon nuong tại Highlands Vạn Hạnh Mall');
INSERT INTO MonAn (MaMon, MaNH, TenMon, MaLoai, Gia, MoTa) VALUES (N'MA04812', N'NH048', N'Pho bo tai', N'Pho', 97849, N'Món Pho bo tai tại Highlands Vạn Hạnh Mall');
INSERT INTO MonAn (MaMon, MaNH, TenMon, MaLoai, Gia, MoTa) VALUES (N'MA04813', N'NH048', N'Com ga hai nam', N'Com', 98352, N'Món Com ga hai nam tại Highlands Vạn Hạnh Mall');
INSERT INTO MonAn (MaMon, MaNH, TenMon, MaLoai, Gia, MoTa) VALUES (N'MA04814', N'NH048', N'Steak bo ribeye', N'Steak', 52077, N'Món Steak bo ribeye tại Highlands Vạn Hạnh Mall');
INSERT INTO MonAn (MaMon, MaNH, TenMon, MaLoai, Gia, MoTa) VALUES (N'MA04815', N'NH048', N'Lau nam chay 1', N'Chay', 72725, N'Món Lau nam chay 1 tại Highlands Vạn Hạnh Mall');
INSERT INTO MonAn (MaMon, MaNH, TenMon, MaLoai, Gia, MoTa) VALUES (N'MA04816', N'NH048', N'Mi hoanh thanh', N'Mi', 90747, N'Món Mi hoanh thanh tại Highlands Vạn Hạnh Mall');
INSERT INTO MonAn (MaMon, MaNH, TenMon, MaLoai, Gia, MoTa) VALUES (N'MA04817', N'NH048', N'Tra sua tran chau duong den 1', N'Trasua', 38367, N'Món Tra sua tran chau duong den 1 tại Highlands Vạn Hạnh Mall');
INSERT INTO MonAn (MaMon, MaNH, TenMon, MaLoai, Gia, MoTa) VALUES (N'MA04818', N'NH048', N'Nem chua ran', N'AnVat', 50692, N'Món Nem chua ran tại Highlands Vạn Hạnh Mall');
INSERT INTO MonAn (MaMon, MaNH, TenMon, MaLoai, Gia, MoTa) VALUES (N'MA04819', N'NH048', N'Goi cuon chay', N'Chay', 95690, N'Món Goi cuon chay tại Highlands Vạn Hạnh Mall');
INSERT INTO MonAn (MaMon, MaNH, TenMon, MaLoai, Gia, MoTa) VALUES (N'MA04820', N'NH048', N'Ca nuong giay bac', N'Haisan', 51051, N'Món Ca nuong giay bac tại Highlands Vạn Hạnh Mall');
INSERT INTO NhaHang (MaNH, TenNH, DiaChi, SDT, MaTK) VALUES (N'NH049', N'Lau Bo Sai Gon', N'44 Nguyen Van Cu, Quan 5, TP.HCM', N'0949000049', N'nhahang49');
INSERT INTO MonAn (MaMon, MaNH, TenMon, MaLoai, Gia, MoTa) VALUES (N'MA04901', N'NH049', N'Bun bo nam bo', N'Bun', 88321, N'Món Bun bo nam bo tại Lau Bo Sai Gon');
INSERT INTO MonAn (MaMon, MaNH, TenMon, MaLoai, Gia, MoTa) VALUES (N'MA04902', N'NH049', N'Tra sua oolong', N'Trasua', 59387, N'Món Tra sua oolong tại Lau Bo Sai Gon');
INSERT INTO MonAn (MaMon, MaNH, TenMon, MaLoai, Gia, MoTa) VALUES (N'MA04903', N'NH049', N'Lau hai san', N'Lau', 92970, N'Món Lau hai san tại Lau Bo Sai Gon');
INSERT INTO MonAn (MaMon, MaNH, TenMon, MaLoai, Gia, MoTa) VALUES (N'MA04904', N'NH049', N'Muc chien gion', N'Haisan', 102050, N'Món Muc chien gion tại Lau Bo Sai Gon');
INSERT INTO MonAn (MaMon, MaNH, TenMon, MaLoai, Gia, MoTa) VALUES (N'MA04905', N'NH049', N'Beef tenderloin', N'Steak', 92856, N'Món Beef tenderloin tại Lau Bo Sai Gon');
INSERT INTO MonAn (MaMon, MaNH, TenMon, MaLoai, Gia, MoTa) VALUES (N'MA04906', N'NH049', N'Mi xao bo', N'Mi', 147440, N'Món Mi xao bo tại Lau Bo Sai Gon');
INSERT INTO MonAn (MaMon, MaNH, TenMon, MaLoai, Gia, MoTa) VALUES (N'MA04907', N'NH049', N'California roll', N'Sushi', 122996, N'Món California roll tại Lau Bo Sai Gon');
INSERT INTO MonAn (MaMon, MaNH, TenMon, MaLoai, Gia, MoTa) VALUES (N'MA04908', N'NH049', N'Nem chua ran', N'AnVat', 111266, N'Món Nem chua ran tại Lau Bo Sai Gon');
INSERT INTO MonAn (MaMon, MaNH, TenMon, MaLoai, Gia, MoTa) VALUES (N'MA04909', N'NH049', N'Pizza vegetarian', N'Pizza', 39558, N'Món Pizza vegetarian tại Lau Bo Sai Gon');
INSERT INTO MonAn (MaMon, MaNH, TenMon, MaLoai, Gia, MoTa) VALUES (N'MA04910', N'NH049', N'Lau nam chay', N'Lau', 44101, N'Món Lau nam chay tại Lau Bo Sai Gon');
INSERT INTO MonAn (MaMon, MaNH, TenMon, MaLoai, Gia, MoTa) VALUES (N'MA04911', N'NH049', N'Banh mi kep', N'AnVat', 51584, N'Món Banh mi kep tại Lau Bo Sai Gon');
INSERT INTO MonAn (MaMon, MaNH, TenMon, MaLoai, Gia, MoTa) VALUES (N'MA04912', N'NH049', N'Tra sua matcha', N'Trasua', 132399, N'Món Tra sua matcha tại Lau Bo Sai Gon');
INSERT INTO MonAn (MaMon, MaNH, TenMon, MaLoai, Gia, MoTa) VALUES (N'MA04913', N'NH049', N'Com chay dua', N'Chay', 125614, N'Món Com chay dua tại Lau Bo Sai Gon');
INSERT INTO MonAn (MaMon, MaNH, TenMon, MaLoai, Gia, MoTa) VALUES (N'MA04914', N'NH049', N'Mi xao bo 1', N'Mi', 93713, N'Món Mi xao bo 1 tại Lau Bo Sai Gon');
INSERT INTO MonAn (MaMon, MaNH, TenMon, MaLoai, Gia, MoTa) VALUES (N'MA04915', N'NH049', N'Pizza vegetarian 1', N'Pizza', 93044, N'Món Pizza vegetarian 1 tại Lau Bo Sai Gon');
INSERT INTO MonAn (MaMon, MaNH, TenMon, MaLoai, Gia, MoTa) VALUES (N'MA04916', N'NH049', N'Khoai tay chien', N'AnVat', 70910, N'Món Khoai tay chien tại Lau Bo Sai Gon');
INSERT INTO MonAn (MaMon, MaNH, TenMon, MaLoai, Gia, MoTa) VALUES (N'MA04917', N'NH049', N'Tra sua matcha 1', N'Trasua', 46651, N'Món Tra sua matcha 1 tại Lau Bo Sai Gon');
INSERT INTO MonAn (MaMon, MaNH, TenMon, MaLoai, Gia, MoTa) VALUES (N'MA04918', N'NH049', N'Sushi ca hoi', N'Sushi', 140878, N'Món Sushi ca hoi tại Lau Bo Sai Gon');
INSERT INTO MonAn (MaMon, MaNH, TenMon, MaLoai, Gia, MoTa) VALUES (N'MA04919', N'NH049', N'Mi tom chua cay', N'Mi', 32119, N'Món Mi tom chua cay tại Lau Bo Sai Gon');
INSERT INTO NhaHang (MaNH, TenNH, DiaChi, SDT, MaTK) VALUES (N'NH050', N'Pho 24 Nguyen Hue', N'12 Nguyen Hue, Quan 1, TP.HCM', N'0950000050', N'nhahang50');
INSERT INTO MonAn (MaMon, MaNH, TenMon, MaLoai, Gia, MoTa) VALUES (N'MA05001', N'NH050', N'Com chay dua', N'Chay', 26755, N'Món Com chay dua tại Pho 24 Nguyen Hue');
INSERT INTO MonAn (MaMon, MaNH, TenMon, MaLoai, Gia, MoTa) VALUES (N'MA05002', N'NH050', N'Lau nam chay', N'Lau', 108299, N'Món Lau nam chay tại Pho 24 Nguyen Hue');
INSERT INTO MonAn (MaMon, MaNH, TenMon, MaLoai, Gia, MoTa) VALUES (N'MA05003', N'NH050', N'Hau nuong', N'Haisan', 25183, N'Món Hau nuong tại Pho 24 Nguyen Hue');
INSERT INTO MonAn (MaMon, MaNH, TenMon, MaLoai, Gia, MoTa) VALUES (N'MA05004', N'NH050', N'Pho ga', N'Pho', 125467, N'Món Pho ga tại Pho 24 Nguyen Hue');
INSERT INTO MonAn (MaMon, MaNH, TenMon, MaLoai, Gia, MoTa) VALUES (N'MA05005', N'NH050', N'Hau nuong 1', N'Haisan', 48444, N'Món Hau nuong 1 tại Pho 24 Nguyen Hue');
INSERT INTO MonAn (MaMon, MaNH, TenMon, MaLoai, Gia, MoTa) VALUES (N'MA05006', N'NH050', N'Mi hoanh thanh', N'Mi', 133963, N'Món Mi hoanh thanh tại Pho 24 Nguyen Hue');
INSERT INTO MonAn (MaMon, MaNH, TenMon, MaLoai, Gia, MoTa) VALUES (N'MA05007', N'NH050', N'Sashimi ca hoi', N'Sushi', 145438, N'Món Sashimi ca hoi tại Pho 24 Nguyen Hue');
INSERT INTO MonAn (MaMon, MaNH, TenMon, MaLoai, Gia, MoTa) VALUES (N'MA05008', N'NH050', N'Com suon nuong', N'Com', 142835, N'Món Com suon nuong tại Pho 24 Nguyen Hue');
INSERT INTO MonAn (MaMon, MaNH, TenMon, MaLoai, Gia, MoTa) VALUES (N'MA05009', N'NH050', N'Tra sua hongkong', N'Trasua', 35376, N'Món Tra sua hongkong tại Pho 24 Nguyen Hue');
INSERT INTO MonAn (MaMon, MaNH, TenMon, MaLoai, Gia, MoTa) VALUES (N'MA05010', N'NH050', N'Bun chay Huong Sen', N'Chay', 139857, N'Món Bun chay Huong Sen tại Pho 24 Nguyen Hue');
INSERT INTO MonAn (MaMon, MaNH, TenMon, MaLoai, Gia, MoTa) VALUES (N'MA05011', N'NH050', N'Tra sua hongkong 1', N'Trasua', 99220, N'Món Tra sua hongkong 1 tại Pho 24 Nguyen Hue');
INSERT INTO MonAn (MaMon, MaNH, TenMon, MaLoai, Gia, MoTa) VALUES (N'MA05012', N'NH050', N'Com chay dua 1', N'Chay', 71987, N'Món Com chay dua 1 tại Pho 24 Nguyen Hue');
INSERT INTO MonAn (MaMon, MaNH, TenMon, MaLoai, Gia, MoTa) VALUES (N'MA05013', N'NH050', N'Tra sua socola', N'Trasua', 62154, N'Món Tra sua socola tại Pho 24 Nguyen Hue');
INSERT INTO MonAn (MaMon, MaNH, TenMon, MaLoai, Gia, MoTa) VALUES (N'MA05014', N'NH050', N'Lau nam chay 1', N'Lau', 81112, N'Món Lau nam chay 1 tại Pho 24 Nguyen Hue');
INSERT INTO MonAn (MaMon, MaNH, TenMon, MaLoai, Gia, MoTa) VALUES (N'MA05015', N'NH050', N'Nem chua ran', N'AnVat', 60425, N'Món Nem chua ran tại Pho 24 Nguyen Hue');
INSERT INTO MonAn (MaMon, MaNH, TenMon, MaLoai, Gia, MoTa) VALUES (N'MA05016', N'NH050', N'Lau kimchi', N'Lau', 87215, N'Món Lau kimchi tại Pho 24 Nguyen Hue');
INSERT INTO MonAn (MaMon, MaNH, TenMon, MaLoai, Gia, MoTa) VALUES (N'MA05017', N'NH050', N'Mi Quang', N'Mi', 32924, N'Món Mi Quang tại Pho 24 Nguyen Hue');
INSERT INTO MonAn (MaMon, MaNH, TenMon, MaLoai, Gia, MoTa) VALUES (N'MA05018', N'NH050', N'Bun chay Huong Sen 1', N'Chay', 119828, N'Món Bun chay Huong Sen 1 tại Pho 24 Nguyen Hue');
INSERT INTO MonAn (MaMon, MaNH, TenMon, MaLoai, Gia, MoTa) VALUES (N'MA05019', N'NH050', N'Salmon nigiri', N'Sushi', 68589, N'Món Salmon nigiri tại Pho 24 Nguyen Hue');
INSERT INTO MonAn (MaMon, MaNH, TenMon, MaLoai, Gia, MoTa) VALUES (N'MA05020', N'NH050', N'California roll', N'Sushi', 25992, N'Món California roll tại Pho 24 Nguyen Hue');
INSERT INTO MonAn (MaMon, MaNH, TenMon, MaLoai, Gia, MoTa) VALUES (N'MA05021', N'NH050', N'Muc chien gion', N'Haisan', 117157, N'Món Muc chien gion tại Pho 24 Nguyen Hue');
INSERT INTO MonAn (MaMon, MaNH, TenMon, MaLoai, Gia, MoTa) VALUES (N'MA05022', N'NH050', N'Bun bo Hue', N'Bun', 54180, N'Món Bun bo Hue tại Pho 24 Nguyen Hue');
INSERT INTO MonAn (MaMon, MaNH, TenMon, MaLoai, Gia, MoTa) VALUES (N'MA05023', N'NH050', N'Oc xao me', N'AnVat', 95909, N'Món Oc xao me tại Pho 24 Nguyen Hue');
GO
-- Don hang mau va chi tiet
INSERT INTO DonHang (MaDon, MaKH, MaNH, MaShipper, TrangThai, TongTien, ThoiGianDat) VALUES (N'DH00001', N'KH007', N'NH019', 'SP005', N'Đang giao', 371202, SYSUTCDATETIME());
INSERT INTO ChiTietDonHang (MaDon, MaMon, SoLuong, DonGia) VALUES (N'DH00001', N'MA01913', 1, 94683);
INSERT INTO ChiTietDonHang (MaDon, MaMon, SoLuong, DonGia) VALUES (N'DH00001', N'MA01916', 3, 92173);
INSERT INTO DonHang (MaDon, MaKH, MaNH, MaShipper, TrangThai, TongTien, ThoiGianDat) VALUES (N'DH00002', N'KH006', N'NH017', 'SP016', N'Hoàn thành', 363430, SYSUTCDATETIME());
INSERT INTO ChiTietDonHang (MaDon, MaMon, SoLuong, DonGia) VALUES (N'DH00002', N'MA01724', 2, 124199);
INSERT INTO ChiTietDonHang (MaDon, MaMon, SoLuong, DonGia) VALUES (N'DH00002', N'MA01706', 3, 38344);
INSERT INTO DanhGia (MaDon, Diem, BinhLuan) VALUES (N'DH00002', 3, N'Sẽ ủng hộ lại');
INSERT INTO DonHang (MaDon, MaKH, MaNH, MaShipper, TrangThai, TongTien, ThoiGianDat) VALUES (N'DH00003', N'KH001', N'NH034', NULL, N'Chờ xác nhận', 114063, SYSUTCDATETIME());
INSERT INTO ChiTietDonHang (MaDon, MaMon, SoLuong, DonGia) VALUES (N'DH00003', N'MA03414', 3, 38021);
INSERT INTO DonHang (MaDon, MaKH, MaNH, MaShipper, TrangThai, TongTien, ThoiGianDat) VALUES (N'DH00004', N'KH004', N'NH005', NULL, N'Đã xác nhận', 681369, SYSUTCDATETIME());
INSERT INTO ChiTietDonHang (MaDon, MaMon, SoLuong, DonGia) VALUES (N'DH00004', N'MA00512', 3, 27923);
INSERT INTO ChiTietDonHang (MaDon, MaMon, SoLuong, DonGia) VALUES (N'DH00004', N'MA00521', 3, 107392);
INSERT INTO ChiTietDonHang (MaDon, MaMon, SoLuong, DonGia) VALUES (N'DH00004', N'MA00516', 2, 106413);
INSERT INTO ChiTietDonHang (MaDon, MaMon, SoLuong, DonGia) VALUES (N'DH00004', N'MA00501', 3, 20866);
INSERT INTO DonHang (MaDon, MaKH, MaNH, MaShipper, TrangThai, TongTien, ThoiGianDat) VALUES (N'DH00005', N'KH009', N'NH027', NULL, N'Đã hủy', 630154, SYSUTCDATETIME());
INSERT INTO ChiTietDonHang (MaDon, MaMon, SoLuong, DonGia) VALUES (N'DH00005', N'MA02718', 2, 148120);
INSERT INTO ChiTietDonHang (MaDon, MaMon, SoLuong, DonGia) VALUES (N'DH00005', N'MA02701', 3, 85826);
INSERT INTO ChiTietDonHang (MaDon, MaMon, SoLuong, DonGia) VALUES (N'DH00005', N'MA02722', 1, 76436);
INSERT INTO DonHang (MaDon, MaKH, MaNH, MaShipper, TrangThai, TongTien, ThoiGianDat) VALUES (N'DH00006', N'KH002', N'NH007', 'SP017', N'Đã xác nhận', 288082, SYSUTCDATETIME());
INSERT INTO ChiTietDonHang (MaDon, MaMon, SoLuong, DonGia) VALUES (N'DH00006', N'MA00720', 2, 89003);
INSERT INTO ChiTietDonHang (MaDon, MaMon, SoLuong, DonGia) VALUES (N'DH00006', N'MA00712', 2, 55038);
INSERT INTO DonHang (MaDon, MaKH, MaNH, MaShipper, TrangThai, TongTien, ThoiGianDat) VALUES (N'DH00007', N'KH002', N'NH024', 'SP013', N'Đã hủy', 227741, SYSUTCDATETIME());
INSERT INTO ChiTietDonHang (MaDon, MaMon, SoLuong, DonGia) VALUES (N'DH00007', N'MA02423', 2, 49603);
INSERT INTO ChiTietDonHang (MaDon, MaMon, SoLuong, DonGia) VALUES (N'DH00007', N'MA02422', 1, 128535);
INSERT INTO DonHang (MaDon, MaKH, MaNH, MaShipper, TrangThai, TongTien, ThoiGianDat) VALUES (N'DH00008', N'KH001', N'NH006', 'SP013', N'Hoàn thành', 653138, SYSUTCDATETIME());
INSERT INTO ChiTietDonHang (MaDon, MaMon, SoLuong, DonGia) VALUES (N'DH00008', N'MA00602', 1, 103459);
INSERT INTO ChiTietDonHang (MaDon, MaMon, SoLuong, DonGia) VALUES (N'DH00008', N'MA00623', 1, 42463);
INSERT INTO ChiTietDonHang (MaDon, MaMon, SoLuong, DonGia) VALUES (N'DH00008', N'MA00616', 2, 130799);
INSERT INTO ChiTietDonHang (MaDon, MaMon, SoLuong, DonGia) VALUES (N'DH00008', N'MA00621', 2, 122809);
INSERT INTO DanhGia (MaDon, Diem, BinhLuan) VALUES (N'DH00008', 3, N'Sẽ ủng hộ lại');
INSERT INTO DonHang (MaDon, MaKH, MaNH, MaShipper, TrangThai, TongTien, ThoiGianDat) VALUES (N'DH00009', N'KH001', N'NH015', 'SP007', N'Đang giao', 219418, SYSUTCDATETIME());
INSERT INTO ChiTietDonHang (MaDon, MaMon, SoLuong, DonGia) VALUES (N'DH00009', N'MA01503', 2, 109709);
INSERT INTO DonHang (MaDon, MaKH, MaNH, MaShipper, TrangThai, TongTien, ThoiGianDat) VALUES (N'DH00010', N'KH009', N'NH037', 'SP002', N'Đang giao', 96943, SYSUTCDATETIME());
INSERT INTO ChiTietDonHang (MaDon, MaMon, SoLuong, DonGia) VALUES (N'DH00010', N'MA03707', 1, 96943);
INSERT INTO DonHang (MaDon, MaKH, MaNH, MaShipper, TrangThai, TongTien, ThoiGianDat) VALUES (N'DH00011', N'KH007', N'NH005', 'SP010', N'Đã hủy', 671325, SYSUTCDATETIME());
INSERT INTO ChiTietDonHang (MaDon, MaMon, SoLuong, DonGia) VALUES (N'DH00011', N'MA00519', 2, 129399);
INSERT INTO ChiTietDonHang (MaDon, MaMon, SoLuong, DonGia) VALUES (N'DH00011', N'MA00522', 3, 137509);
INSERT INTO DonHang (MaDon, MaKH, MaNH, MaShipper, TrangThai, TongTien, ThoiGianDat) VALUES (N'DH00012', N'KH006', N'NH025', NULL, N'Đã hủy', 493492, SYSUTCDATETIME());
INSERT INTO ChiTietDonHang (MaDon, MaMon, SoLuong, DonGia) VALUES (N'DH00012', N'MA02502', 2, 32803);
INSERT INTO ChiTietDonHang (MaDon, MaMon, SoLuong, DonGia) VALUES (N'DH00012', N'MA02508', 1, 129926);
INSERT INTO ChiTietDonHang (MaDon, MaMon, SoLuong, DonGia) VALUES (N'DH00012', N'MA02511', 3, 99320);
INSERT INTO DonHang (MaDon, MaKH, MaNH, MaShipper, TrangThai, TongTien, ThoiGianDat) VALUES (N'DH00013', N'KH010', N'NH026', NULL, N'Đang giao', 732743, SYSUTCDATETIME());
INSERT INTO ChiTietDonHang (MaDon, MaMon, SoLuong, DonGia) VALUES (N'DH00013', N'MA02616', 2, 49902);
INSERT INTO ChiTietDonHang (MaDon, MaMon, SoLuong, DonGia) VALUES (N'DH00013', N'MA02618', 2, 143357);
INSERT INTO ChiTietDonHang (MaDon, MaMon, SoLuong, DonGia) VALUES (N'DH00013', N'MA02614', 3, 44345);
INSERT INTO ChiTietDonHang (MaDon, MaMon, SoLuong, DonGia) VALUES (N'DH00013', N'MA02619', 2, 106595);
INSERT INTO DonHang (MaDon, MaKH, MaNH, MaShipper, TrangThai, TongTien, ThoiGianDat) VALUES (N'DH00014', N'KH002', N'NH050', 'SP020', N'Đã xác nhận', 55123, SYSUTCDATETIME());
INSERT INTO ChiTietDonHang (MaDon, MaMon, SoLuong, DonGia) VALUES (N'DH00014', N'MA05003', 1, 55123);
INSERT INTO DonHang (MaDon, MaKH, MaNH, MaShipper, TrangThai, TongTien, ThoiGianDat) VALUES (N'DH00015', N'KH007', N'NH046', 'SP005', N'Đang giao', 243937, SYSUTCDATETIME());
INSERT INTO ChiTietDonHang (MaDon, MaMon, SoLuong, DonGia) VALUES (N'DH00015', N'MA04604', 1, 31995);
INSERT INTO ChiTietDonHang (MaDon, MaMon, SoLuong, DonGia) VALUES (N'DH00015', N'MA04610', 2, 78292);
INSERT INTO ChiTietDonHang (MaDon, MaMon, SoLuong, DonGia) VALUES (N'DH00015', N'MA04625', 1, 55358);
INSERT INTO DonHang (MaDon, MaKH, MaNH, MaShipper, TrangThai, TongTien, ThoiGianDat) VALUES (N'DH00016', N'KH003', N'NH006', 'SP006', N'Hoàn thành', 356090, SYSUTCDATETIME());
INSERT INTO ChiTietDonHang (MaDon, MaMon, SoLuong, DonGia) VALUES (N'DH00016', N'MA00604', 1, 23442);
INSERT INTO ChiTietDonHang (MaDon, MaMon, SoLuong, DonGia) VALUES (N'DH00016', N'MA00612', 1, 92642);
INSERT INTO ChiTietDonHang (MaDon, MaMon, SoLuong, DonGia) VALUES (N'DH00016', N'MA00620', 2, 98386);
INSERT INTO ChiTietDonHang (MaDon, MaMon, SoLuong, DonGia) VALUES (N'DH00016', N'MA00613', 2, 21617);
INSERT INTO DanhGia (MaDon, Diem, BinhLuan) VALUES (N'DH00016', 3, N'Sẽ ủng hộ lại');
INSERT INTO DonHang (MaDon, MaKH, MaNH, MaShipper, TrangThai, TongTien, ThoiGianDat) VALUES (N'DH00017', N'KH004', N'NH037', 'SP017', N'Hoàn thành', 195128, SYSUTCDATETIME());
INSERT INTO ChiTietDonHang (MaDon, MaMon, SoLuong, DonGia) VALUES (N'DH00017', N'MA03705', 2, 55247);
INSERT INTO ChiTietDonHang (MaDon, MaMon, SoLuong, DonGia) VALUES (N'DH00017', N'MA03709', 1, 84634);
INSERT INTO DanhGia (MaDon, Diem, BinhLuan) VALUES (N'DH00017', 4, N'Tỉ lệ như hình');
INSERT INTO DonHang (MaDon, MaKH, MaNH, MaShipper, TrangThai, TongTien, ThoiGianDat) VALUES (N'DH00018', N'KH007', N'NH020', NULL, N'Đang giao', 716972, SYSUTCDATETIME());
INSERT INTO ChiTietDonHang (MaDon, MaMon, SoLuong, DonGia) VALUES (N'DH00018', N'MA02008', 3, 114489);
INSERT INTO ChiTietDonHang (MaDon, MaMon, SoLuong, DonGia) VALUES (N'DH00018', N'MA02016', 3, 97831);
INSERT INTO ChiTietDonHang (MaDon, MaMon, SoLuong, DonGia) VALUES (N'DH00018', N'MA02007', 1, 80012);
INSERT INTO DonHang (MaDon, MaKH, MaNH, MaShipper, TrangThai, TongTien, ThoiGianDat) VALUES (N'DH00019', N'KH003', N'NH020', 'SP001', N'Đang giao', 908934, SYSUTCDATETIME());
INSERT INTO ChiTietDonHang (MaDon, MaMon, SoLuong, DonGia) VALUES (N'DH00019', N'MA02011', 2, 77700);
INSERT INTO ChiTietDonHang (MaDon, MaMon, SoLuong, DonGia) VALUES (N'DH00019', N'MA02014', 3, 126886);
INSERT INTO ChiTietDonHang (MaDon, MaMon, SoLuong, DonGia) VALUES (N'DH00019', N'MA02020', 2, 37842);
INSERT INTO ChiTietDonHang (MaDon, MaMon, SoLuong, DonGia) VALUES (N'DH00019', N'MA02011', 3, 99064);
INSERT INTO DonHang (MaDon, MaKH, MaNH, MaShipper, TrangThai, TongTien, ThoiGianDat) VALUES (N'DH00020', N'KH004', N'NH031', 'SP011', N'Hoàn thành', 727462, SYSUTCDATETIME());
INSERT INTO ChiTietDonHang (MaDon, MaMon, SoLuong, DonGia) VALUES (N'DH00020', N'MA03110', 3, 116321);
INSERT INTO ChiTietDonHang (MaDon, MaMon, SoLuong, DonGia) VALUES (N'DH00020', N'MA03121', 3, 84357);
INSERT INTO ChiTietDonHang (MaDon, MaMon, SoLuong, DonGia) VALUES (N'DH00020', N'MA03108', 2, 62714);
INSERT INTO DanhGia (MaDon, Diem, BinhLuan) VALUES (N'DH00020', 4, N'Tỉ lệ như hình');
INSERT INTO DonHang (MaDon, MaKH, MaNH, MaShipper, TrangThai, TongTien, ThoiGianDat) VALUES (N'DH00021', N'KH002', N'NH037', 'SP007', N'Đã hủy', 241515, SYSUTCDATETIME());
INSERT INTO ChiTietDonHang (MaDon, MaMon, SoLuong, DonGia) VALUES (N'DH00021', N'MA03724', 3, 80505);
INSERT INTO DonHang (MaDon, MaKH, MaNH, MaShipper, TrangThai, TongTien, ThoiGianDat) VALUES (N'DH00022', N'KH004', N'NH029', NULL, N'Hoàn thành', 652263, SYSUTCDATETIME());
INSERT INTO ChiTietDonHang (MaDon, MaMon, SoLuong, DonGia) VALUES (N'DH00022', N'MA02905', 2, 103012);
INSERT INTO ChiTietDonHang (MaDon, MaMon, SoLuong, DonGia) VALUES (N'DH00022', N'MA02908', 3, 53119);
INSERT INTO ChiTietDonHang (MaDon, MaMon, SoLuong, DonGia) VALUES (N'DH00022', N'MA02905', 2, 113747);
INSERT INTO ChiTietDonHang (MaDon, MaMon, SoLuong, DonGia) VALUES (N'DH00022', N'MA02913', 2, 29694);
INSERT INTO DonHang (MaDon, MaKH, MaNH, MaShipper, TrangThai, TongTien, ThoiGianDat) VALUES (N'DH00023', N'KH008', N'NH038', 'SP013', N'Đã hủy', 335892, SYSUTCDATETIME());
INSERT INTO ChiTietDonHang (MaDon, MaMon, SoLuong, DonGia) VALUES (N'DH00023', N'MA03812', 3, 111964);
INSERT INTO DonHang (MaDon, MaKH, MaNH, MaShipper, TrangThai, TongTien, ThoiGianDat) VALUES (N'DH00024', N'KH010', N'NH041', NULL, N'Đã xác nhận', 805413, SYSUTCDATETIME());
INSERT INTO ChiTietDonHang (MaDon, MaMon, SoLuong, DonGia) VALUES (N'DH00024', N'MA04106', 3, 104803);
INSERT INTO ChiTietDonHang (MaDon, MaMon, SoLuong, DonGia) VALUES (N'DH00024', N'MA04102', 3, 93822);
INSERT INTO ChiTietDonHang (MaDon, MaMon, SoLuong, DonGia) VALUES (N'DH00024', N'MA04122', 2, 104769);
INSERT INTO DonHang (MaDon, MaKH, MaNH, MaShipper, TrangThai, TongTien, ThoiGianDat) VALUES (N'DH00025', N'KH006', N'NH028', NULL, N'Chờ xác nhận', 635613, SYSUTCDATETIME());
INSERT INTO ChiTietDonHang (MaDon, MaMon, SoLuong, DonGia) VALUES (N'DH00025', N'MA02808', 3, 86935);
INSERT INTO ChiTietDonHang (MaDon, MaMon, SoLuong, DonGia) VALUES (N'DH00025', N'MA02817', 3, 93137);
INSERT INTO ChiTietDonHang (MaDon, MaMon, SoLuong, DonGia) VALUES (N'DH00025', N'MA02823', 1, 95397);
INSERT INTO DonHang (MaDon, MaKH, MaNH, MaShipper, TrangThai, TongTien, ThoiGianDat) VALUES (N'DH00026', N'KH008', N'NH024', 'SP013', N'Đã hủy', 163882, SYSUTCDATETIME());
INSERT INTO ChiTietDonHang (MaDon, MaMon, SoLuong, DonGia) VALUES (N'DH00026', N'MA02412', 2, 23219);
INSERT INTO ChiTietDonHang (MaDon, MaMon, SoLuong, DonGia) VALUES (N'DH00026', N'MA02404', 2, 58722);
INSERT INTO DonHang (MaDon, MaKH, MaNH, MaShipper, TrangThai, TongTien, ThoiGianDat) VALUES (N'DH00027', N'KH002', N'NH008', 'SP005', N'Đang giao', 354981, SYSUTCDATETIME());
INSERT INTO ChiTietDonHang (MaDon, MaMon, SoLuong, DonGia) VALUES (N'DH00027', N'MA00815', 1, 122795);
INSERT INTO ChiTietDonHang (MaDon, MaMon, SoLuong, DonGia) VALUES (N'DH00027', N'MA00817', 2, 83298);
INSERT INTO ChiTietDonHang (MaDon, MaMon, SoLuong, DonGia) VALUES (N'DH00027', N'MA00816', 2, 32795);
INSERT INTO DonHang (MaDon, MaKH, MaNH, MaShipper, TrangThai, TongTien, ThoiGianDat) VALUES (N'DH00028', N'KH008', N'NH021', 'SP003', N'Chờ xác nhận', 262606, SYSUTCDATETIME());
INSERT INTO ChiTietDonHang (MaDon, MaMon, SoLuong, DonGia) VALUES (N'DH00028', N'MA02101', 2, 131303);
INSERT INTO DonHang (MaDon, MaKH, MaNH, MaShipper, TrangThai, TongTien, ThoiGianDat) VALUES (N'DH00029', N'KH002', N'NH044', 'SP006', N'Đã hủy', 233748, SYSUTCDATETIME());
INSERT INTO ChiTietDonHang (MaDon, MaMon, SoLuong, DonGia) VALUES (N'DH00029', N'MA04418', 2, 40989);
INSERT INTO ChiTietDonHang (MaDon, MaMon, SoLuong, DonGia) VALUES (N'DH00029', N'MA04418', 2, 75885);
INSERT INTO DonHang (MaDon, MaKH, MaNH, MaShipper, TrangThai, TongTien, ThoiGianDat) VALUES (N'DH00030', N'KH004', N'NH026', 'SP006', N'Hoàn thành', 705846, SYSUTCDATETIME());
INSERT INTO ChiTietDonHang (MaDon, MaMon, SoLuong, DonGia) VALUES (N'DH00030', N'MA02601', 3, 116650);
INSERT INTO ChiTietDonHang (MaDon, MaMon, SoLuong, DonGia) VALUES (N'DH00030', N'MA02607', 3, 78926);
INSERT INTO ChiTietDonHang (MaDon, MaMon, SoLuong, DonGia) VALUES (N'DH00030', N'MA02614', 1, 70965);
INSERT INTO ChiTietDonHang (MaDon, MaMon, SoLuong, DonGia) VALUES (N'DH00030', N'MA02623', 1, 48153);
INSERT INTO DanhGia (MaDon, Diem, BinhLuan) VALUES (N'DH00030', 5, N'Ngon, giao nhanh');
INSERT INTO DonHang (MaDon, MaKH, MaNH, MaShipper, TrangThai, TongTien, ThoiGianDat) VALUES (N'DH00031', N'KH010', N'NH007', 'SP018', N'Đang giao', 735604, SYSUTCDATETIME());
INSERT INTO ChiTietDonHang (MaDon, MaMon, SoLuong, DonGia) VALUES (N'DH00031', N'MA00707', 1, 79972);
INSERT INTO ChiTietDonHang (MaDon, MaMon, SoLuong, DonGia) VALUES (N'DH00031', N'MA00709', 2, 107910);
INSERT INTO ChiTietDonHang (MaDon, MaMon, SoLuong, DonGia) VALUES (N'DH00031', N'MA00717', 3, 146604);
INSERT INTO DonHang (MaDon, MaKH, MaNH, MaShipper, TrangThai, TongTien, ThoiGianDat) VALUES (N'DH00032', N'KH006', N'NH039', 'SP013', N'Đã hủy', 132270, SYSUTCDATETIME());
INSERT INTO ChiTietDonHang (MaDon, MaMon, SoLuong, DonGia) VALUES (N'DH00032', N'MA03912', 2, 66135);
INSERT INTO DonHang (MaDon, MaKH, MaNH, MaShipper, TrangThai, TongTien, ThoiGianDat) VALUES (N'DH00033', N'KH010', N'NH012', NULL, N'Đã xác nhận', 306108, SYSUTCDATETIME());
INSERT INTO ChiTietDonHang (MaDon, MaMon, SoLuong, DonGia) VALUES (N'DH00033', N'MA01204', 2, 51270);
INSERT INTO ChiTietDonHang (MaDon, MaMon, SoLuong, DonGia) VALUES (N'DH00033', N'MA01204', 2, 43992);
INSERT INTO ChiTietDonHang (MaDon, MaMon, SoLuong, DonGia) VALUES (N'DH00033', N'MA01223', 3, 38528);
INSERT INTO DonHang (MaDon, MaKH, MaNH, MaShipper, TrangThai, TongTien, ThoiGianDat) VALUES (N'DH00034', N'KH007', N'NH027', 'SP020', N'Đã hủy', 585729, SYSUTCDATETIME());
INSERT INTO ChiTietDonHang (MaDon, MaMon, SoLuong, DonGia) VALUES (N'DH00034', N'MA02714', 2, 44347);
INSERT INTO ChiTietDonHang (MaDon, MaMon, SoLuong, DonGia) VALUES (N'DH00034', N'MA02721', 3, 90435);
INSERT INTO ChiTietDonHang (MaDon, MaMon, SoLuong, DonGia) VALUES (N'DH00034', N'MA02721', 1, 141988);
INSERT INTO ChiTietDonHang (MaDon, MaMon, SoLuong, DonGia) VALUES (N'DH00034', N'MA02718', 2, 41871);
INSERT INTO DonHang (MaDon, MaKH, MaNH, MaShipper, TrangThai, TongTien, ThoiGianDat) VALUES (N'DH00035', N'KH005', N'NH009', 'SP006', N'Hoàn thành', 144759, SYSUTCDATETIME());
INSERT INTO ChiTietDonHang (MaDon, MaMon, SoLuong, DonGia) VALUES (N'DH00035', N'MA00912', 1, 144759);
INSERT INTO DanhGia (MaDon, Diem, BinhLuan) VALUES (N'DH00035', 3, N'Phục vụ tốt');
INSERT INTO DonHang (MaDon, MaKH, MaNH, MaShipper, TrangThai, TongTien, ThoiGianDat) VALUES (N'DH00036', N'KH009', N'NH033', 'SP016', N'Hoàn thành', 374708, SYSUTCDATETIME());
INSERT INTO ChiTietDonHang (MaDon, MaMon, SoLuong, DonGia) VALUES (N'DH00036', N'MA03323', 2, 130086);
INSERT INTO ChiTietDonHang (MaDon, MaMon, SoLuong, DonGia) VALUES (N'DH00036', N'MA03316', 1, 41922);
INSERT INTO ChiTietDonHang (MaDon, MaMon, SoLuong, DonGia) VALUES (N'DH00036', N'MA03319', 1, 24044);
INSERT INTO ChiTietDonHang (MaDon, MaMon, SoLuong, DonGia) VALUES (N'DH00036', N'MA03310', 2, 24285);
INSERT INTO DanhGia (MaDon, Diem, BinhLuan) VALUES (N'DH00036', 4, N'Chất lượng tốt');
INSERT INTO DonHang (MaDon, MaKH, MaNH, MaShipper, TrangThai, TongTien, ThoiGianDat) VALUES (N'DH00037', N'KH008', N'NH037', NULL, N'Đã hủy', 364785, SYSUTCDATETIME());
INSERT INTO ChiTietDonHang (MaDon, MaMon, SoLuong, DonGia) VALUES (N'DH00037', N'MA03709', 3, 121595);
INSERT INTO DonHang (MaDon, MaKH, MaNH, MaShipper, TrangThai, TongTien, ThoiGianDat) VALUES (N'DH00038', N'KH006', N'NH035', 'SP002', N'Đã hủy', 218749, SYSUTCDATETIME());
INSERT INTO ChiTietDonHang (MaDon, MaMon, SoLuong, DonGia) VALUES (N'DH00038', N'MA03514', 3, 33423);
INSERT INTO ChiTietDonHang (MaDon, MaMon, SoLuong, DonGia) VALUES (N'DH00038', N'MA03521', 1, 118480);
INSERT INTO DonHang (MaDon, MaKH, MaNH, MaShipper, TrangThai, TongTien, ThoiGianDat) VALUES (N'DH00039', N'KH005', N'NH003', 'SP015', N'Đang giao', 133415, SYSUTCDATETIME());
INSERT INTO ChiTietDonHang (MaDon, MaMon, SoLuong, DonGia) VALUES (N'DH00039', N'MA00315', 1, 133415);
INSERT INTO DonHang (MaDon, MaKH, MaNH, MaShipper, TrangThai, TongTien, ThoiGianDat) VALUES (N'DH00040', N'KH004', N'NH014', 'SP019', N'Đã hủy', 587356, SYSUTCDATETIME());
INSERT INTO ChiTietDonHang (MaDon, MaMon, SoLuong, DonGia) VALUES (N'DH00040', N'MA01406', 1, 100760);
INSERT INTO ChiTietDonHang (MaDon, MaMon, SoLuong, DonGia) VALUES (N'DH00040', N'MA01407', 1, 126630);
INSERT INTO ChiTietDonHang (MaDon, MaMon, SoLuong, DonGia) VALUES (N'DH00040', N'MA01402', 2, 94720);
INSERT INTO ChiTietDonHang (MaDon, MaMon, SoLuong, DonGia) VALUES (N'DH00040', N'MA01418', 3, 56842);
INSERT INTO DonHang (MaDon, MaKH, MaNH, MaShipper, TrangThai, TongTien, ThoiGianDat) VALUES (N'DH00041', N'KH009', N'NH011', 'SP011', N'Đang giao', 692096, SYSUTCDATETIME());
INSERT INTO ChiTietDonHang (MaDon, MaMon, SoLuong, DonGia) VALUES (N'DH00041', N'MA01117', 3, 149169);
INSERT INTO ChiTietDonHang (MaDon, MaMon, SoLuong, DonGia) VALUES (N'DH00041', N'MA01104', 2, 37771);
INSERT INTO ChiTietDonHang (MaDon, MaMon, SoLuong, DonGia) VALUES (N'DH00041', N'MA01102', 3, 56349);
INSERT INTO DonHang (MaDon, MaKH, MaNH, MaShipper, TrangThai, TongTien, ThoiGianDat) VALUES (N'DH00042', N'KH003', N'NH045', 'SP005', N'Đã xác nhận', 649355, SYSUTCDATETIME());
INSERT INTO ChiTietDonHang (MaDon, MaMon, SoLuong, DonGia) VALUES (N'DH00042', N'MA04508', 3, 119807);
INSERT INTO ChiTietDonHang (MaDon, MaMon, SoLuong, DonGia) VALUES (N'DH00042', N'MA04513', 1, 84154);
INSERT INTO ChiTietDonHang (MaDon, MaMon, SoLuong, DonGia) VALUES (N'DH00042', N'MA04519', 2, 102890);
INSERT INTO DonHang (MaDon, MaKH, MaNH, MaShipper, TrangThai, TongTien, ThoiGianDat) VALUES (N'DH00043', N'KH007', N'NH025', NULL, N'Chờ xác nhận', 907390, SYSUTCDATETIME());
INSERT INTO ChiTietDonHang (MaDon, MaMon, SoLuong, DonGia) VALUES (N'DH00043', N'MA02517', 2, 118278);
INSERT INTO ChiTietDonHang (MaDon, MaMon, SoLuong, DonGia) VALUES (N'DH00043', N'MA02523', 2, 142727);
INSERT INTO ChiTietDonHang (MaDon, MaMon, SoLuong, DonGia) VALUES (N'DH00043', N'MA02515', 2, 144551);
INSERT INTO ChiTietDonHang (MaDon, MaMon, SoLuong, DonGia) VALUES (N'DH00043', N'MA02511', 1, 96278);
INSERT INTO DonHang (MaDon, MaKH, MaNH, MaShipper, TrangThai, TongTien, ThoiGianDat) VALUES (N'DH00044', N'KH002', N'NH047', 'SP015', N'Chờ xác nhận', 995829, SYSUTCDATETIME());
INSERT INTO ChiTietDonHang (MaDon, MaMon, SoLuong, DonGia) VALUES (N'DH00044', N'MA04707', 2, 146894);
INSERT INTO ChiTietDonHang (MaDon, MaMon, SoLuong, DonGia) VALUES (N'DH00044', N'MA04707', 2, 84843);
INSERT INTO ChiTietDonHang (MaDon, MaMon, SoLuong, DonGia) VALUES (N'DH00044', N'MA04711', 2, 128572);
INSERT INTO ChiTietDonHang (MaDon, MaMon, SoLuong, DonGia) VALUES (N'DH00044', N'MA04711', 3, 91737);
INSERT INTO DonHang (MaDon, MaKH, MaNH, MaShipper, TrangThai, TongTien, ThoiGianDat) VALUES (N'DH00045', N'KH003', N'NH037', 'SP016', N'Chờ xác nhận', 204148, SYSUTCDATETIME());
INSERT INTO ChiTietDonHang (MaDon, MaMon, SoLuong, DonGia) VALUES (N'DH00045', N'MA03704', 2, 102074);
INSERT INTO DonHang (MaDon, MaKH, MaNH, MaShipper, TrangThai, TongTien, ThoiGianDat) VALUES (N'DH00046', N'KH001', N'NH008', 'SP006', N'Hoàn thành', 139554, SYSUTCDATETIME());
INSERT INTO ChiTietDonHang (MaDon, MaMon, SoLuong, DonGia) VALUES (N'DH00046', N'MA00814', 3, 46518);
INSERT INTO DonHang (MaDon, MaKH, MaNH, MaShipper, TrangThai, TongTien, ThoiGianDat) VALUES (N'DH00047', N'KH005', N'NH011', NULL, N'Đang giao', 451907, SYSUTCDATETIME());
INSERT INTO ChiTietDonHang (MaDon, MaMon, SoLuong, DonGia) VALUES (N'DH00047', N'MA01103', 3, 68738);
INSERT INTO ChiTietDonHang (MaDon, MaMon, SoLuong, DonGia) VALUES (N'DH00047', N'MA01121', 1, 41695);
INSERT INTO ChiTietDonHang (MaDon, MaMon, SoLuong, DonGia) VALUES (N'DH00047', N'MA01113', 2, 101999);
INSERT INTO DonHang (MaDon, MaKH, MaNH, MaShipper, TrangThai, TongTien, ThoiGianDat) VALUES (N'DH00048', N'KH004', N'NH028', NULL, N'Chờ xác nhận', 179156, SYSUTCDATETIME());
INSERT INTO ChiTietDonHang (MaDon, MaMon, SoLuong, DonGia) VALUES (N'DH00048', N'MA02816', 1, 30215);
INSERT INTO ChiTietDonHang (MaDon, MaMon, SoLuong, DonGia) VALUES (N'DH00048', N'MA02819', 3, 49647);
INSERT INTO DonHang (MaDon, MaKH, MaNH, MaShipper, TrangThai, TongTien, ThoiGianDat) VALUES (N'DH00049', N'KH008', N'NH001', 'SP001', N'Chờ xác nhận', 412588, SYSUTCDATETIME());
INSERT INTO ChiTietDonHang (MaDon, MaMon, SoLuong, DonGia) VALUES (N'DH00049', N'MA00123', 2, 37324);
INSERT INTO ChiTietDonHang (MaDon, MaMon, SoLuong, DonGia) VALUES (N'DH00049', N'MA00103', 2, 50008);
INSERT INTO ChiTietDonHang (MaDon, MaMon, SoLuong, DonGia) VALUES (N'DH00049', N'MA00103', 1, 115782);
INSERT INTO ChiTietDonHang (MaDon, MaMon, SoLuong, DonGia) VALUES (N'DH00049', N'MA00104', 2, 61071);
INSERT INTO DonHang (MaDon, MaKH, MaNH, MaShipper, TrangThai, TongTien, ThoiGianDat) VALUES (N'DH00050', N'KH005', N'NH009', 'SP013', N'Đã xác nhận', 93831, SYSUTCDATETIME());
INSERT INTO ChiTietDonHang (MaDon, MaMon, SoLuong, DonGia) VALUES (N'DH00050', N'MA00917', 1, 93831);
INSERT INTO DonHang (MaDon, MaKH, MaNH, MaShipper, TrangThai, TongTien, ThoiGianDat) VALUES (N'DH00051', N'KH010', N'NH042', 'SP006', N'Đang giao', 420327, SYSUTCDATETIME());
INSERT INTO ChiTietDonHang (MaDon, MaMon, SoLuong, DonGia) VALUES (N'DH00051', N'MA04221', 1, 118077);
INSERT INTO ChiTietDonHang (MaDon, MaMon, SoLuong, DonGia) VALUES (N'DH00051', N'MA04214', 3, 100750);
INSERT INTO DonHang (MaDon, MaKH, MaNH, MaShipper, TrangThai, TongTien, ThoiGianDat) VALUES (N'DH00052', N'KH008', N'NH014', NULL, N'Đã xác nhận', 231366, SYSUTCDATETIME());
INSERT INTO ChiTietDonHang (MaDon, MaMon, SoLuong, DonGia) VALUES (N'DH00052', N'MA01419', 2, 115683);
INSERT INTO DonHang (MaDon, MaKH, MaNH, MaShipper, TrangThai, TongTien, ThoiGianDat) VALUES (N'DH00053', N'KH006', N'NH028', 'SP011', N'Đã xác nhận', 526640, SYSUTCDATETIME());
INSERT INTO ChiTietDonHang (MaDon, MaMon, SoLuong, DonGia) VALUES (N'DH00053', N'MA02821', 1, 31042);
INSERT INTO ChiTietDonHang (MaDon, MaMon, SoLuong, DonGia) VALUES (N'DH00053', N'MA02818', 3, 98774);
INSERT INTO ChiTietDonHang (MaDon, MaMon, SoLuong, DonGia) VALUES (N'DH00053', N'MA02824', 2, 99638);
INSERT INTO DonHang (MaDon, MaKH, MaNH, MaShipper, TrangThai, TongTien, ThoiGianDat) VALUES (N'DH00054', N'KH001', N'NH043', 'SP010', N'Đã hủy', 169846, SYSUTCDATETIME());
INSERT INTO ChiTietDonHang (MaDon, MaMon, SoLuong, DonGia) VALUES (N'DH00054', N'MA04324', 2, 71347);
INSERT INTO ChiTietDonHang (MaDon, MaMon, SoLuong, DonGia) VALUES (N'DH00054', N'MA04321', 1, 27152);
INSERT INTO DonHang (MaDon, MaKH, MaNH, MaShipper, TrangThai, TongTien, ThoiGianDat) VALUES (N'DH00055', N'KH008', N'NH025', 'SP004', N'Hoàn thành', 136486, SYSUTCDATETIME());
INSERT INTO ChiTietDonHang (MaDon, MaMon, SoLuong, DonGia) VALUES (N'DH00055', N'MA02517', 1, 136486);
INSERT INTO DonHang (MaDon, MaKH, MaNH, MaShipper, TrangThai, TongTien, ThoiGianDat) VALUES (N'DH00056', N'KH006', N'NH009', 'SP013', N'Đang giao', 178722, SYSUTCDATETIME());
INSERT INTO ChiTietDonHang (MaDon, MaMon, SoLuong, DonGia) VALUES (N'DH00056', N'MA00925', 1, 81736);
INSERT INTO ChiTietDonHang (MaDon, MaMon, SoLuong, DonGia) VALUES (N'DH00056', N'MA00901', 1, 96986);
INSERT INTO DonHang (MaDon, MaKH, MaNH, MaShipper, TrangThai, TongTien, ThoiGianDat) VALUES (N'DH00057', N'KH001', N'NH017', NULL, N'Chờ xác nhận', 879838, SYSUTCDATETIME());
INSERT INTO ChiTietDonHang (MaDon, MaMon, SoLuong, DonGia) VALUES (N'DH00057', N'MA01717', 3, 57550);
INSERT INTO ChiTietDonHang (MaDon, MaMon, SoLuong, DonGia) VALUES (N'DH00057', N'MA01723', 2, 85673);
INSERT INTO ChiTietDonHang (MaDon, MaMon, SoLuong, DonGia) VALUES (N'DH00057', N'MA01714', 2, 111987);
INSERT INTO ChiTietDonHang (MaDon, MaMon, SoLuong, DonGia) VALUES (N'DH00057', N'MA01703', 3, 103956);
INSERT INTO DonHang (MaDon, MaKH, MaNH, MaShipper, TrangThai, TongTien, ThoiGianDat) VALUES (N'DH00058', N'KH009', N'NH040', 'SP005', N'Chờ xác nhận', 558222, SYSUTCDATETIME());
INSERT INTO ChiTietDonHang (MaDon, MaMon, SoLuong, DonGia) VALUES (N'DH00058', N'MA04003', 1, 87017);
INSERT INTO ChiTietDonHang (MaDon, MaMon, SoLuong, DonGia) VALUES (N'DH00058', N'MA04005', 2, 90305);
INSERT INTO ChiTietDonHang (MaDon, MaMon, SoLuong, DonGia) VALUES (N'DH00058', N'MA04013', 3, 96865);
INSERT INTO DonHang (MaDon, MaKH, MaNH, MaShipper, TrangThai, TongTien, ThoiGianDat) VALUES (N'DH00059', N'KH002', N'NH020', 'SP014', N'Chờ xác nhận', 520656, SYSUTCDATETIME());
INSERT INTO ChiTietDonHang (MaDon, MaMon, SoLuong, DonGia) VALUES (N'DH00059', N'MA02003', 2, 141192);
INSERT INTO ChiTietDonHang (MaDon, MaMon, SoLuong, DonGia) VALUES (N'DH00059', N'MA02004', 3, 79424);
INSERT INTO DonHang (MaDon, MaKH, MaNH, MaShipper, TrangThai, TongTien, ThoiGianDat) VALUES (N'DH00060', N'KH010', N'NH004', 'SP010', N'Chờ xác nhận', 113952, SYSUTCDATETIME());
INSERT INTO ChiTietDonHang (MaDon, MaMon, SoLuong, DonGia) VALUES (N'DH00060', N'MA00423', 3, 37984);
INSERT INTO DonHang (MaDon, MaKH, MaNH, MaShipper, TrangThai, TongTien, ThoiGianDat) VALUES (N'DH00061', N'KH001', N'NH011', 'SP016', N'Đã hủy', 449691, SYSUTCDATETIME());
INSERT INTO ChiTietDonHang (MaDon, MaMon, SoLuong, DonGia) VALUES (N'DH00061', N'MA01106', 1, 68741);
INSERT INTO ChiTietDonHang (MaDon, MaMon, SoLuong, DonGia) VALUES (N'DH00061', N'MA01124', 2, 122383);
INSERT INTO ChiTietDonHang (MaDon, MaMon, SoLuong, DonGia) VALUES (N'DH00061', N'MA01124', 1, 136184);
INSERT INTO DonHang (MaDon, MaKH, MaNH, MaShipper, TrangThai, TongTien, ThoiGianDat) VALUES (N'DH00062', N'KH001', N'NH022', 'SP014', N'Đã hủy', 340095, SYSUTCDATETIME());
INSERT INTO ChiTietDonHang (MaDon, MaMon, SoLuong, DonGia) VALUES (N'DH00062', N'MA02209', 3, 113365);
INSERT INTO DonHang (MaDon, MaKH, MaNH, MaShipper, TrangThai, TongTien, ThoiGianDat) VALUES (N'DH00063', N'KH002', N'NH032', 'SP015', N'Chờ xác nhận', 612069, SYSUTCDATETIME());
INSERT INTO ChiTietDonHang (MaDon, MaMon, SoLuong, DonGia) VALUES (N'DH00063', N'MA03219', 2, 41873);
INSERT INTO ChiTietDonHang (MaDon, MaMon, SoLuong, DonGia) VALUES (N'DH00063', N'MA03206', 1, 53438);
INSERT INTO ChiTietDonHang (MaDon, MaMon, SoLuong, DonGia) VALUES (N'DH00063', N'MA03219', 3, 108358);
INSERT INTO ChiTietDonHang (MaDon, MaMon, SoLuong, DonGia) VALUES (N'DH00063', N'MA03204', 3, 49937);
INSERT INTO DonHang (MaDon, MaKH, MaNH, MaShipper, TrangThai, TongTien, ThoiGianDat) VALUES (N'DH00064', N'KH009', N'NH001', NULL, N'Đã xác nhận', 135414, SYSUTCDATETIME());
INSERT INTO ChiTietDonHang (MaDon, MaMon, SoLuong, DonGia) VALUES (N'DH00064', N'MA00116', 2, 67707);
INSERT INTO DonHang (MaDon, MaKH, MaNH, MaShipper, TrangThai, TongTien, ThoiGianDat) VALUES (N'DH00065', N'KH003', N'NH012', 'SP002', N'Đã xác nhận', 348095, SYSUTCDATETIME());
INSERT INTO ChiTietDonHang (MaDon, MaMon, SoLuong, DonGia) VALUES (N'DH00065', N'MA01208', 3, 74559);
INSERT INTO ChiTietDonHang (MaDon, MaMon, SoLuong, DonGia) VALUES (N'DH00065', N'MA01211', 1, 55554);
INSERT INTO ChiTietDonHang (MaDon, MaMon, SoLuong, DonGia) VALUES (N'DH00065', N'MA01219', 1, 68864);
INSERT INTO DonHang (MaDon, MaKH, MaNH, MaShipper, TrangThai, TongTien, ThoiGianDat) VALUES (N'DH00066', N'KH009', N'NH044', 'SP002', N'Đã xác nhận', 58068, SYSUTCDATETIME());
INSERT INTO ChiTietDonHang (MaDon, MaMon, SoLuong, DonGia) VALUES (N'DH00066', N'MA04413', 2, 29034);
INSERT INTO DonHang (MaDon, MaKH, MaNH, MaShipper, TrangThai, TongTien, ThoiGianDat) VALUES (N'DH00067', N'KH005', N'NH050', 'SP010', N'Chờ xác nhận', 562582, SYSUTCDATETIME());
INSERT INTO ChiTietDonHang (MaDon, MaMon, SoLuong, DonGia) VALUES (N'DH00067', N'MA05001', 1, 68354);
INSERT INTO ChiTietDonHang (MaDon, MaMon, SoLuong, DonGia) VALUES (N'DH00067', N'MA05010', 2, 93899);
INSERT INTO ChiTietDonHang (MaDon, MaMon, SoLuong, DonGia) VALUES (N'DH00067', N'MA05024', 1, 101620);
INSERT INTO ChiTietDonHang (MaDon, MaMon, SoLuong, DonGia) VALUES (N'DH00067', N'MA05015', 3, 68270);
INSERT INTO DonHang (MaDon, MaKH, MaNH, MaShipper, TrangThai, TongTien, ThoiGianDat) VALUES (N'DH00068', N'KH008', N'NH050', 'SP007', N'Đã xác nhận', 23133, SYSUTCDATETIME());
INSERT INTO ChiTietDonHang (MaDon, MaMon, SoLuong, DonGia) VALUES (N'DH00068', N'MA05014', 1, 23133);
INSERT INTO DonHang (MaDon, MaKH, MaNH, MaShipper, TrangThai, TongTien, ThoiGianDat) VALUES (N'DH00069', N'KH009', N'NH023', 'SP001', N'Chờ xác nhận', 668846, SYSUTCDATETIME());
INSERT INTO ChiTietDonHang (MaDon, MaMon, SoLuong, DonGia) VALUES (N'DH00069', N'MA02324', 2, 115317);
INSERT INTO ChiTietDonHang (MaDon, MaMon, SoLuong, DonGia) VALUES (N'DH00069', N'MA02304', 3, 46895);
INSERT INTO ChiTietDonHang (MaDon, MaMon, SoLuong, DonGia) VALUES (N'DH00069', N'MA02308', 2, 75026);
INSERT INTO ChiTietDonHang (MaDon, MaMon, SoLuong, DonGia) VALUES (N'DH00069', N'MA02302', 1, 147475);
INSERT INTO DonHang (MaDon, MaKH, MaNH, MaShipper, TrangThai, TongTien, ThoiGianDat) VALUES (N'DH00070', N'KH005', N'NH006', 'SP002', N'Đã hủy', 926597, SYSUTCDATETIME());
INSERT INTO ChiTietDonHang (MaDon, MaMon, SoLuong, DonGia) VALUES (N'DH00070', N'MA00623', 2, 137385);
INSERT INTO ChiTietDonHang (MaDon, MaMon, SoLuong, DonGia) VALUES (N'DH00070', N'MA00615', 3, 147736);
INSERT INTO ChiTietDonHang (MaDon, MaMon, SoLuong, DonGia) VALUES (N'DH00070', N'MA00603', 1, 96122);
INSERT INTO ChiTietDonHang (MaDon, MaMon, SoLuong, DonGia) VALUES (N'DH00070', N'MA00617', 3, 37499);
INSERT INTO DonHang (MaDon, MaKH, MaNH, MaShipper, TrangThai, TongTien, ThoiGianDat) VALUES (N'DH00071', N'KH007', N'NH005', NULL, N'Hoàn thành', 399216, SYSUTCDATETIME());
INSERT INTO ChiTietDonHang (MaDon, MaMon, SoLuong, DonGia) VALUES (N'DH00071', N'MA00508', 2, 58230);
INSERT INTO ChiTietDonHang (MaDon, MaMon, SoLuong, DonGia) VALUES (N'DH00071', N'MA00511', 2, 141378);
INSERT INTO DonHang (MaDon, MaKH, MaNH, MaShipper, TrangThai, TongTien, ThoiGianDat) VALUES (N'DH00072', N'KH006', N'NH021', 'SP015', N'Đã xác nhận', 113520, SYSUTCDATETIME());
INSERT INTO ChiTietDonHang (MaDon, MaMon, SoLuong, DonGia) VALUES (N'DH00072', N'MA02107', 3, 37840);
INSERT INTO DonHang (MaDon, MaKH, MaNH, MaShipper, TrangThai, TongTien, ThoiGianDat) VALUES (N'DH00073', N'KH002', N'NH010', 'SP004', N'Hoàn thành', 392799, SYSUTCDATETIME());
INSERT INTO ChiTietDonHang (MaDon, MaMon, SoLuong, DonGia) VALUES (N'DH00073', N'MA01011', 1, 73282);
INSERT INTO ChiTietDonHang (MaDon, MaMon, SoLuong, DonGia) VALUES (N'DH00073', N'MA01018', 1, 66961);
INSERT INTO ChiTietDonHang (MaDon, MaMon, SoLuong, DonGia) VALUES (N'DH00073', N'MA01015', 2, 60410);
INSERT INTO ChiTietDonHang (MaDon, MaMon, SoLuong, DonGia) VALUES (N'DH00073', N'MA01009', 1, 131736);
INSERT INTO DanhGia (MaDon, Diem, BinhLuan) VALUES (N'DH00073', 5, N'Tỉ lệ như hình');
INSERT INTO DonHang (MaDon, MaKH, MaNH, MaShipper, TrangThai, TongTien, ThoiGianDat) VALUES (N'DH00074', N'KH010', N'NH003', 'SP007', N'Đã xác nhận', 105068, SYSUTCDATETIME());
INSERT INTO ChiTietDonHang (MaDon, MaMon, SoLuong, DonGia) VALUES (N'DH00074', N'MA00323', 2, 52534);
INSERT INTO DonHang (MaDon, MaKH, MaNH, MaShipper, TrangThai, TongTien, ThoiGianDat) VALUES (N'DH00075', N'KH007', N'NH033', 'SP002', N'Đang giao', 568193, SYSUTCDATETIME());
INSERT INTO ChiTietDonHang (MaDon, MaMon, SoLuong, DonGia) VALUES (N'DH00075', N'MA03301', 2, 144793);
INSERT INTO ChiTietDonHang (MaDon, MaMon, SoLuong, DonGia) VALUES (N'DH00075', N'MA03315', 3, 92869);
INSERT INTO DonHang (MaDon, MaKH, MaNH, MaShipper, TrangThai, TongTien, ThoiGianDat) VALUES (N'DH00076', N'KH009', N'NH016', 'SP004', N'Chờ xác nhận', 170354, SYSUTCDATETIME());
INSERT INTO ChiTietDonHang (MaDon, MaMon, SoLuong, DonGia) VALUES (N'DH00076', N'MA01604', 1, 21567);
INSERT INTO ChiTietDonHang (MaDon, MaMon, SoLuong, DonGia) VALUES (N'DH00076', N'MA01625', 1, 148787);
INSERT INTO DonHang (MaDon, MaKH, MaNH, MaShipper, TrangThai, TongTien, ThoiGianDat) VALUES (N'DH00077', N'KH003', N'NH013', 'SP013', N'Chờ xác nhận', 563806, SYSUTCDATETIME());
INSERT INTO ChiTietDonHang (MaDon, MaMon, SoLuong, DonGia) VALUES (N'DH00077', N'MA01303', 1, 22857);
INSERT INTO ChiTietDonHang (MaDon, MaMon, SoLuong, DonGia) VALUES (N'DH00077', N'MA01307', 3, 138291);
INSERT INTO ChiTietDonHang (MaDon, MaMon, SoLuong, DonGia) VALUES (N'DH00077', N'MA01315', 1, 126076);
INSERT INTO DonHang (MaDon, MaKH, MaNH, MaShipper, TrangThai, TongTien, ThoiGianDat) VALUES (N'DH00078', N'KH002', N'NH022', NULL, N'Hoàn thành', 423381, SYSUTCDATETIME());
INSERT INTO ChiTietDonHang (MaDon, MaMon, SoLuong, DonGia) VALUES (N'DH00078', N'MA02206', 3, 141127);
INSERT INTO DanhGia (MaDon, Diem, BinhLuan) VALUES (N'DH00078', 5, N'Phục vụ tốt');
INSERT INTO DonHang (MaDon, MaKH, MaNH, MaShipper, TrangThai, TongTien, ThoiGianDat) VALUES (N'DH00079', N'KH008', N'NH002', 'SP013', N'Đã xác nhận', 326038, SYSUTCDATETIME());
INSERT INTO ChiTietDonHang (MaDon, MaMon, SoLuong, DonGia) VALUES (N'DH00079', N'MA00207', 1, 139053);
INSERT INTO ChiTietDonHang (MaDon, MaMon, SoLuong, DonGia) VALUES (N'DH00079', N'MA00209', 2, 56681);
INSERT INTO ChiTietDonHang (MaDon, MaMon, SoLuong, DonGia) VALUES (N'DH00079', N'MA00205', 3, 24541);
INSERT INTO DonHang (MaDon, MaKH, MaNH, MaShipper, TrangThai, TongTien, ThoiGianDat) VALUES (N'DH00080', N'KH010', N'NH040', 'SP008', N'Hoàn thành', 678935, SYSUTCDATETIME());
INSERT INTO ChiTietDonHang (MaDon, MaMon, SoLuong, DonGia) VALUES (N'DH00080', N'MA04018', 1, 82787);
INSERT INTO ChiTietDonHang (MaDon, MaMon, SoLuong, DonGia) VALUES (N'DH00080', N'MA04003', 2, 56670);
INSERT INTO ChiTietDonHang (MaDon, MaMon, SoLuong, DonGia) VALUES (N'DH00080', N'MA04005', 1, 74949);
INSERT INTO ChiTietDonHang (MaDon, MaMon, SoLuong, DonGia) VALUES (N'DH00080', N'MA04021', 3, 135953);
INSERT INTO DanhGia (MaDon, Diem, BinhLuan) VALUES (N'DH00080', 5, N'Ngon, giao nhanh');
INSERT INTO DonHang (MaDon, MaKH, MaNH, MaShipper, TrangThai, TongTien, ThoiGianDat) VALUES (N'DH00081', N'KH007', N'NH046', 'SP012', N'Đã hủy', 685017, SYSUTCDATETIME());
INSERT INTO ChiTietDonHang (MaDon, MaMon, SoLuong, DonGia) VALUES (N'DH00081', N'MA04612', 3, 139626);
INSERT INTO ChiTietDonHang (MaDon, MaMon, SoLuong, DonGia) VALUES (N'DH00081', N'MA04617', 2, 62153);
INSERT INTO ChiTietDonHang (MaDon, MaMon, SoLuong, DonGia) VALUES (N'DH00081', N'MA04609', 1, 43568);
INSERT INTO ChiTietDonHang (MaDon, MaMon, SoLuong, DonGia) VALUES (N'DH00081', N'MA04611', 1, 98265);
INSERT INTO DonHang (MaDon, MaKH, MaNH, MaShipper, TrangThai, TongTien, ThoiGianDat) VALUES (N'DH00082', N'KH001', N'NH050', NULL, N'Hoàn thành', 232884, SYSUTCDATETIME());
INSERT INTO ChiTietDonHang (MaDon, MaMon, SoLuong, DonGia) VALUES (N'DH00082', N'MA05025', 1, 96544);
INSERT INTO ChiTietDonHang (MaDon, MaMon, SoLuong, DonGia) VALUES (N'DH00082', N'MA05006', 1, 33124);
INSERT INTO ChiTietDonHang (MaDon, MaMon, SoLuong, DonGia) VALUES (N'DH00082', N'MA05022', 2, 51608);
INSERT INTO DanhGia (MaDon, Diem, BinhLuan) VALUES (N'DH00082', 5, N'Ngon, giao nhanh');
INSERT INTO DonHang (MaDon, MaKH, MaNH, MaShipper, TrangThai, TongTien, ThoiGianDat) VALUES (N'DH00083', N'KH004', N'NH037', 'SP013', N'Đã xác nhận', 418202, SYSUTCDATETIME());
INSERT INTO ChiTietDonHang (MaDon, MaMon, SoLuong, DonGia) VALUES (N'DH00083', N'MA03708', 2, 97662);
INSERT INTO ChiTietDonHang (MaDon, MaMon, SoLuong, DonGia) VALUES (N'DH00083', N'MA03724', 2, 111439);
INSERT INTO DonHang (MaDon, MaKH, MaNH, MaShipper, TrangThai, TongTien, ThoiGianDat) VALUES (N'DH00084', N'KH010', N'NH002', 'SP012', N'Đã hủy', 266396, SYSUTCDATETIME());
INSERT INTO ChiTietDonHang (MaDon, MaMon, SoLuong, DonGia) VALUES (N'DH00084', N'MA00216', 2, 91057);
INSERT INTO ChiTietDonHang (MaDon, MaMon, SoLuong, DonGia) VALUES (N'DH00084', N'MA00206', 1, 84282);
INSERT INTO DonHang (MaDon, MaKH, MaNH, MaShipper, TrangThai, TongTien, ThoiGianDat) VALUES (N'DH00085', N'KH002', N'NH004', 'SP008', N'Chờ xác nhận', 457921, SYSUTCDATETIME());
INSERT INTO ChiTietDonHang (MaDon, MaMon, SoLuong, DonGia) VALUES (N'DH00085', N'MA00401', 3, 63481);
INSERT INTO ChiTietDonHang (MaDon, MaMon, SoLuong, DonGia) VALUES (N'DH00085', N'MA00407', 1, 125702);
INSERT INTO ChiTietDonHang (MaDon, MaMon, SoLuong, DonGia) VALUES (N'DH00085', N'MA00411', 1, 113970);
INSERT INTO ChiTietDonHang (MaDon, MaMon, SoLuong, DonGia) VALUES (N'DH00085', N'MA00411', 1, 27806);
INSERT INTO DonHang (MaDon, MaKH, MaNH, MaShipper, TrangThai, TongTien, ThoiGianDat) VALUES (N'DH00086', N'KH003', N'NH038', NULL, N'Đã hủy', 550680, SYSUTCDATETIME());
INSERT INTO ChiTietDonHang (MaDon, MaMon, SoLuong, DonGia) VALUES (N'DH00086', N'MA03803', 3, 68967);
INSERT INTO ChiTietDonHang (MaDon, MaMon, SoLuong, DonGia) VALUES (N'DH00086', N'MA03822', 3, 71851);
INSERT INTO ChiTietDonHang (MaDon, MaMon, SoLuong, DonGia) VALUES (N'DH00086', N'MA03804', 2, 64113);
INSERT INTO DonHang (MaDon, MaKH, MaNH, MaShipper, TrangThai, TongTien, ThoiGianDat) VALUES (N'DH00087', N'KH006', N'NH009', 'SP006', N'Hoàn thành', 895656, SYSUTCDATETIME());
INSERT INTO ChiTietDonHang (MaDon, MaMon, SoLuong, DonGia) VALUES (N'DH00087', N'MA00906', 3, 112691);
INSERT INTO ChiTietDonHang (MaDon, MaMon, SoLuong, DonGia) VALUES (N'DH00087', N'MA00923', 3, 136601);
INSERT INTO ChiTietDonHang (MaDon, MaMon, SoLuong, DonGia) VALUES (N'DH00087', N'MA00912', 3, 49260);
INSERT INTO DanhGia (MaDon, Diem, BinhLuan) VALUES (N'DH00087', 3, N'Phục vụ tốt');
INSERT INTO DonHang (MaDon, MaKH, MaNH, MaShipper, TrangThai, TongTien, ThoiGianDat) VALUES (N'DH00088', N'KH005', N'NH047', 'SP010', N'Đã xác nhận', 433041, SYSUTCDATETIME());
INSERT INTO ChiTietDonHang (MaDon, MaMon, SoLuong, DonGia) VALUES (N'DH00088', N'MA04723', 3, 144347);
INSERT INTO DonHang (MaDon, MaKH, MaNH, MaShipper, TrangThai, TongTien, ThoiGianDat) VALUES (N'DH00089', N'KH007', N'NH050', NULL, N'Đã xác nhận', 404367, SYSUTCDATETIME());
INSERT INTO ChiTietDonHang (MaDon, MaMon, SoLuong, DonGia) VALUES (N'DH00089', N'MA05020', 3, 48953);
INSERT INTO ChiTietDonHang (MaDon, MaMon, SoLuong, DonGia) VALUES (N'DH00089', N'MA05019', 2, 33645);
INSERT INTO ChiTietDonHang (MaDon, MaMon, SoLuong, DonGia) VALUES (N'DH00089', N'MA05005', 3, 63406);
INSERT INTO DonHang (MaDon, MaKH, MaNH, MaShipper, TrangThai, TongTien, ThoiGianDat) VALUES (N'DH00090', N'KH002', N'NH016', 'SP012', N'Đã xác nhận', 323463, SYSUTCDATETIME());
INSERT INTO ChiTietDonHang (MaDon, MaMon, SoLuong, DonGia) VALUES (N'DH00090', N'MA01623', 3, 107821);
INSERT INTO DonHang (MaDon, MaKH, MaNH, MaShipper, TrangThai, TongTien, ThoiGianDat) VALUES (N'DH00091', N'KH006', N'NH029', 'SP001', N'Đã xác nhận', 180926, SYSUTCDATETIME());
INSERT INTO ChiTietDonHang (MaDon, MaMon, SoLuong, DonGia) VALUES (N'DH00091', N'MA02923', 2, 28885);
INSERT INTO ChiTietDonHang (MaDon, MaMon, SoLuong, DonGia) VALUES (N'DH00091', N'MA02909', 1, 123156);
INSERT INTO DonHang (MaDon, MaKH, MaNH, MaShipper, TrangThai, TongTien, ThoiGianDat) VALUES (N'DH00092', N'KH001', N'NH004', 'SP013', N'Hoàn thành', 352394, SYSUTCDATETIME());
INSERT INTO ChiTietDonHang (MaDon, MaMon, SoLuong, DonGia) VALUES (N'DH00092', N'MA00414', 2, 84629);
INSERT INTO ChiTietDonHang (MaDon, MaMon, SoLuong, DonGia) VALUES (N'DH00092', N'MA00412', 2, 91568);
INSERT INTO DanhGia (MaDon, Diem, BinhLuan) VALUES (N'DH00092', 4, N'Sẽ ủng hộ lại');
INSERT INTO DonHang (MaDon, MaKH, MaNH, MaShipper, TrangThai, TongTien, ThoiGianDat) VALUES (N'DH00093', N'KH004', N'NH011', NULL, N'Chờ xác nhận', 455762, SYSUTCDATETIME());
INSERT INTO ChiTietDonHang (MaDon, MaMon, SoLuong, DonGia) VALUES (N'DH00093', N'MA01101', 2, 61774);
INSERT INTO ChiTietDonHang (MaDon, MaMon, SoLuong, DonGia) VALUES (N'DH00093', N'MA01104', 2, 29725);
INSERT INTO ChiTietDonHang (MaDon, MaMon, SoLuong, DonGia) VALUES (N'DH00093', N'MA01106', 2, 136382);
INSERT INTO DonHang (MaDon, MaKH, MaNH, MaShipper, TrangThai, TongTien, ThoiGianDat) VALUES (N'DH00094', N'KH003', N'NH047', NULL, N'Đang giao', 276990, SYSUTCDATETIME());
INSERT INTO ChiTietDonHang (MaDon, MaMon, SoLuong, DonGia) VALUES (N'DH00094', N'MA04723', 2, 24062);
INSERT INTO ChiTietDonHang (MaDon, MaMon, SoLuong, DonGia) VALUES (N'DH00094', N'MA04721', 3, 41626);
INSERT INTO ChiTietDonHang (MaDon, MaMon, SoLuong, DonGia) VALUES (N'DH00094', N'MA04714', 1, 40591);
INSERT INTO ChiTietDonHang (MaDon, MaMon, SoLuong, DonGia) VALUES (N'DH00094', N'MA04704', 1, 63397);
INSERT INTO DonHang (MaDon, MaKH, MaNH, MaShipper, TrangThai, TongTien, ThoiGianDat) VALUES (N'DH00095', N'KH004', N'NH027', 'SP018', N'Đang giao', 357531, SYSUTCDATETIME());
INSERT INTO ChiTietDonHang (MaDon, MaMon, SoLuong, DonGia) VALUES (N'DH00095', N'MA02708', 1, 32571);
INSERT INTO ChiTietDonHang (MaDon, MaMon, SoLuong, DonGia) VALUES (N'DH00095', N'MA02713', 3, 94943);
INSERT INTO ChiTietDonHang (MaDon, MaMon, SoLuong, DonGia) VALUES (N'DH00095', N'MA02716', 1, 40131);
INSERT INTO DonHang (MaDon, MaKH, MaNH, MaShipper, TrangThai, TongTien, ThoiGianDat) VALUES (N'DH00096', N'KH006', N'NH001', NULL, N'Đang giao', 438543, SYSUTCDATETIME());
INSERT INTO ChiTietDonHang (MaDon, MaMon, SoLuong, DonGia) VALUES (N'DH00096', N'MA00107', 1, 32712);
INSERT INTO ChiTietDonHang (MaDon, MaMon, SoLuong, DonGia) VALUES (N'DH00096', N'MA00107', 3, 42391);
INSERT INTO ChiTietDonHang (MaDon, MaMon, SoLuong, DonGia) VALUES (N'DH00096', N'MA00110', 1, 148064);
INSERT INTO ChiTietDonHang (MaDon, MaMon, SoLuong, DonGia) VALUES (N'DH00096', N'MA00116', 1, 130594);
INSERT INTO DonHang (MaDon, MaKH, MaNH, MaShipper, TrangThai, TongTien, ThoiGianDat) VALUES (N'DH00097', N'KH005', N'NH026', 'SP016', N'Đang giao', 182638, SYSUTCDATETIME());
INSERT INTO ChiTietDonHang (MaDon, MaMon, SoLuong, DonGia) VALUES (N'DH00097', N'MA02621', 2, 91319);
INSERT INTO DonHang (MaDon, MaKH, MaNH, MaShipper, TrangThai, TongTien, ThoiGianDat) VALUES (N'DH00098', N'KH003', N'NH024', 'SP013', N'Đã xác nhận', 613288, SYSUTCDATETIME());
INSERT INTO ChiTietDonHang (MaDon, MaMon, SoLuong, DonGia) VALUES (N'DH00098', N'MA02402', 2, 54510);
INSERT INTO ChiTietDonHang (MaDon, MaMon, SoLuong, DonGia) VALUES (N'DH00098', N'MA02415', 1, 54524);
INSERT INTO ChiTietDonHang (MaDon, MaMon, SoLuong, DonGia) VALUES (N'DH00098', N'MA02409', 1, 93956);
INSERT INTO ChiTietDonHang (MaDon, MaMon, SoLuong, DonGia) VALUES (N'DH00098', N'MA02405', 3, 118596);
INSERT INTO DonHang (MaDon, MaKH, MaNH, MaShipper, TrangThai, TongTien, ThoiGianDat) VALUES (N'DH00099', N'KH002', N'NH006', 'SP012', N'Đã hủy', 280596, SYSUTCDATETIME());
INSERT INTO ChiTietDonHang (MaDon, MaMon, SoLuong, DonGia) VALUES (N'DH00099', N'MA00618', 2, 27993);
INSERT INTO ChiTietDonHang (MaDon, MaMon, SoLuong, DonGia) VALUES (N'DH00099', N'MA00617', 3, 74870);
INSERT INTO DonHang (MaDon, MaKH, MaNH, MaShipper, TrangThai, TongTien, ThoiGianDat) VALUES (N'DH00100', N'KH008', N'NH037', 'SP008', N'Đang giao', 414984, SYSUTCDATETIME());
INSERT INTO ChiTietDonHang (MaDon, MaMon, SoLuong, DonGia) VALUES (N'DH00100', N'MA03713', 3, 138328);
INSERT INTO DonHang (MaDon, MaKH, MaNH, MaShipper, TrangThai, TongTien, ThoiGianDat) VALUES (N'DH00101', N'KH001', N'NH033', 'SP019', N'Chờ xác nhận', 770152, SYSUTCDATETIME());
INSERT INTO ChiTietDonHang (MaDon, MaMon, SoLuong, DonGia) VALUES (N'DH00101', N'MA03306', 1, 144395);
INSERT INTO ChiTietDonHang (MaDon, MaMon, SoLuong, DonGia) VALUES (N'DH00101', N'MA03307', 1, 125966);
INSERT INTO ChiTietDonHang (MaDon, MaMon, SoLuong, DonGia) VALUES (N'DH00101', N'MA03305', 2, 25593);
INSERT INTO ChiTietDonHang (MaDon, MaMon, SoLuong, DonGia) VALUES (N'DH00101', N'MA03303', 3, 149535);
INSERT INTO DonHang (MaDon, MaKH, MaNH, MaShipper, TrangThai, TongTien, ThoiGianDat) VALUES (N'DH00102', N'KH007', N'NH013', 'SP005', N'Đang giao', 212604, SYSUTCDATETIME());
INSERT INTO ChiTietDonHang (MaDon, MaMon, SoLuong, DonGia) VALUES (N'DH00102', N'MA01303', 3, 70868);
INSERT INTO DonHang (MaDon, MaKH, MaNH, MaShipper, TrangThai, TongTien, ThoiGianDat) VALUES (N'DH00103', N'KH007', N'NH036', 'SP011', N'Đã hủy', 848092, SYSUTCDATETIME());
INSERT INTO ChiTietDonHang (MaDon, MaMon, SoLuong, DonGia) VALUES (N'DH00103', N'MA03601', 3, 123094);
INSERT INTO ChiTietDonHang (MaDon, MaMon, SoLuong, DonGia) VALUES (N'DH00103', N'MA03620', 3, 97014);
INSERT INTO ChiTietDonHang (MaDon, MaMon, SoLuong, DonGia) VALUES (N'DH00103', N'MA03614', 2, 34748);
INSERT INTO ChiTietDonHang (MaDon, MaMon, SoLuong, DonGia) VALUES (N'DH00103', N'MA03605', 3, 39424);
INSERT INTO DonHang (MaDon, MaKH, MaNH, MaShipper, TrangThai, TongTien, ThoiGianDat) VALUES (N'DH00104', N'KH010', N'NH038', NULL, N'Đã hủy', 401103, SYSUTCDATETIME());
INSERT INTO ChiTietDonHang (MaDon, MaMon, SoLuong, DonGia) VALUES (N'DH00104', N'MA03810', 3, 133701);
INSERT INTO DonHang (MaDon, MaKH, MaNH, MaShipper, TrangThai, TongTien, ThoiGianDat) VALUES (N'DH00105', N'KH006', N'NH027', 'SP009', N'Hoàn thành', 579576, SYSUTCDATETIME());
INSERT INTO ChiTietDonHang (MaDon, MaMon, SoLuong, DonGia) VALUES (N'DH00105', N'MA02702', 2, 42570);
INSERT INTO ChiTietDonHang (MaDon, MaMon, SoLuong, DonGia) VALUES (N'DH00105', N'MA02713', 3, 38855);
INSERT INTO ChiTietDonHang (MaDon, MaMon, SoLuong, DonGia) VALUES (N'DH00105', N'MA02720', 3, 109235);
INSERT INTO ChiTietDonHang (MaDon, MaMon, SoLuong, DonGia) VALUES (N'DH00105', N'MA02713', 2, 25083);
INSERT INTO DonHang (MaDon, MaKH, MaNH, MaShipper, TrangThai, TongTien, ThoiGianDat) VALUES (N'DH00106', N'KH006', N'NH045', NULL, N'Hoàn thành', 564284, SYSUTCDATETIME());
INSERT INTO ChiTietDonHang (MaDon, MaMon, SoLuong, DonGia) VALUES (N'DH00106', N'MA04512', 2, 22651);
INSERT INTO ChiTietDonHang (MaDon, MaMon, SoLuong, DonGia) VALUES (N'DH00106', N'MA04510', 2, 60756);
INSERT INTO ChiTietDonHang (MaDon, MaMon, SoLuong, DonGia) VALUES (N'DH00106', N'MA04516', 3, 132490);
INSERT INTO DanhGia (MaDon, Diem, BinhLuan) VALUES (N'DH00106', 3, N'Chất lượng tốt');
INSERT INTO DonHang (MaDon, MaKH, MaNH, MaShipper, TrangThai, TongTien, ThoiGianDat) VALUES (N'DH00107', N'KH005', N'NH048', 'SP015', N'Đang giao', 592140, SYSUTCDATETIME());
INSERT INTO ChiTietDonHang (MaDon, MaMon, SoLuong, DonGia) VALUES (N'DH00107', N'MA04820', 1, 104614);
INSERT INTO ChiTietDonHang (MaDon, MaMon, SoLuong, DonGia) VALUES (N'DH00107', N'MA04807', 1, 77896);
INSERT INTO ChiTietDonHang (MaDon, MaMon, SoLuong, DonGia) VALUES (N'DH00107', N'MA04814', 2, 117117);
INSERT INTO ChiTietDonHang (MaDon, MaMon, SoLuong, DonGia) VALUES (N'DH00107', N'MA04825', 2, 87698);
INSERT INTO DonHang (MaDon, MaKH, MaNH, MaShipper, TrangThai, TongTien, ThoiGianDat) VALUES (N'DH00108', N'KH001', N'NH033', NULL, N'Đang giao', 578115, SYSUTCDATETIME());
INSERT INTO ChiTietDonHang (MaDon, MaMon, SoLuong, DonGia) VALUES (N'DH00108', N'MA03305', 3, 122303);
INSERT INTO ChiTietDonHang (MaDon, MaMon, SoLuong, DonGia) VALUES (N'DH00108', N'MA03319', 1, 23794);
INSERT INTO ChiTietDonHang (MaDon, MaMon, SoLuong, DonGia) VALUES (N'DH00108', N'MA03307', 1, 134711);
INSERT INTO ChiTietDonHang (MaDon, MaMon, SoLuong, DonGia) VALUES (N'DH00108', N'MA03302', 1, 52701);
INSERT INTO DonHang (MaDon, MaKH, MaNH, MaShipper, TrangThai, TongTien, ThoiGianDat) VALUES (N'DH00109', N'KH008', N'NH004', 'SP012', N'Đang giao', 337408, SYSUTCDATETIME());
INSERT INTO ChiTietDonHang (MaDon, MaMon, SoLuong, DonGia) VALUES (N'DH00109', N'MA00415', 2, 86207);
INSERT INTO ChiTietDonHang (MaDon, MaMon, SoLuong, DonGia) VALUES (N'DH00109', N'MA00421', 1, 140989);
INSERT INTO ChiTietDonHang (MaDon, MaMon, SoLuong, DonGia) VALUES (N'DH00109', N'MA00422', 1, 24005);
INSERT INTO DonHang (MaDon, MaKH, MaNH, MaShipper, TrangThai, TongTien, ThoiGianDat) VALUES (N'DH00110', N'KH006', N'NH032', 'SP020', N'Đã xác nhận', 711465, SYSUTCDATETIME());
INSERT INTO ChiTietDonHang (MaDon, MaMon, SoLuong, DonGia) VALUES (N'DH00110', N'MA03219', 2, 92264);
INSERT INTO ChiTietDonHang (MaDon, MaMon, SoLuong, DonGia) VALUES (N'DH00110', N'MA03212', 2, 41432);
INSERT INTO ChiTietDonHang (MaDon, MaMon, SoLuong, DonGia) VALUES (N'DH00110', N'MA03224', 3, 128903);
INSERT INTO ChiTietDonHang (MaDon, MaMon, SoLuong, DonGia) VALUES (N'DH00110', N'MA03203', 1, 57364);
INSERT INTO DonHang (MaDon, MaKH, MaNH, MaShipper, TrangThai, TongTien, ThoiGianDat) VALUES (N'DH00111', N'KH007', N'NH004', 'SP006', N'Đã xác nhận', 315214, SYSUTCDATETIME());
INSERT INTO ChiTietDonHang (MaDon, MaMon, SoLuong, DonGia) VALUES (N'DH00111', N'MA00422', 2, 47096);
INSERT INTO ChiTietDonHang (MaDon, MaMon, SoLuong, DonGia) VALUES (N'DH00111', N'MA00421', 3, 73674);
INSERT INTO DonHang (MaDon, MaKH, MaNH, MaShipper, TrangThai, TongTien, ThoiGianDat) VALUES (N'DH00112', N'KH001', N'NH050', 'SP001', N'Đã xác nhận', 284213, SYSUTCDATETIME());
INSERT INTO ChiTietDonHang (MaDon, MaMon, SoLuong, DonGia) VALUES (N'DH00112', N'MA05020', 1, 124970);
INSERT INTO ChiTietDonHang (MaDon, MaMon, SoLuong, DonGia) VALUES (N'DH00112', N'MA05008', 3, 53081);
INSERT INTO DonHang (MaDon, MaKH, MaNH, MaShipper, TrangThai, TongTien, ThoiGianDat) VALUES (N'DH00113', N'KH005', N'NH046', 'SP009', N'Hoàn thành', 615967, SYSUTCDATETIME());
INSERT INTO ChiTietDonHang (MaDon, MaMon, SoLuong, DonGia) VALUES (N'DH00113', N'MA04615', 1, 53029);
INSERT INTO ChiTietDonHang (MaDon, MaMon, SoLuong, DonGia) VALUES (N'DH00113', N'MA04615', 3, 59602);
INSERT INTO ChiTietDonHang (MaDon, MaMon, SoLuong, DonGia) VALUES (N'DH00113', N'MA04617', 3, 128044);
INSERT INTO DanhGia (MaDon, Diem, BinhLuan) VALUES (N'DH00113', 3, N'Ngon, giao nhanh');
INSERT INTO DonHang (MaDon, MaKH, MaNH, MaShipper, TrangThai, TongTien, ThoiGianDat) VALUES (N'DH00114', N'KH009', N'NH043', 'SP012', N'Đang giao', 56734, SYSUTCDATETIME());
INSERT INTO ChiTietDonHang (MaDon, MaMon, SoLuong, DonGia) VALUES (N'DH00114', N'MA04316', 2, 28367);
INSERT INTO DonHang (MaDon, MaKH, MaNH, MaShipper, TrangThai, TongTien, ThoiGianDat) VALUES (N'DH00115', N'KH005', N'NH041', 'SP011', N'Đang giao', 389344, SYSUTCDATETIME());
INSERT INTO ChiTietDonHang (MaDon, MaMon, SoLuong, DonGia) VALUES (N'DH00115', N'MA04107', 3, 39651);
INSERT INTO ChiTietDonHang (MaDon, MaMon, SoLuong, DonGia) VALUES (N'DH00115', N'MA04125', 1, 51496);
INSERT INTO ChiTietDonHang (MaDon, MaMon, SoLuong, DonGia) VALUES (N'DH00115', N'MA04120', 3, 72965);
INSERT INTO DonHang (MaDon, MaKH, MaNH, MaShipper, TrangThai, TongTien, ThoiGianDat) VALUES (N'DH00116', N'KH006', N'NH044', NULL, N'Hoàn thành', 779667, SYSUTCDATETIME());
INSERT INTO ChiTietDonHang (MaDon, MaMon, SoLuong, DonGia) VALUES (N'DH00116', N'MA04409', 2, 138870);
INSERT INTO ChiTietDonHang (MaDon, MaMon, SoLuong, DonGia) VALUES (N'DH00116', N'MA04413', 3, 70891);
INSERT INTO ChiTietDonHang (MaDon, MaMon, SoLuong, DonGia) VALUES (N'DH00116', N'MA04402', 3, 96418);
INSERT INTO DonHang (MaDon, MaKH, MaNH, MaShipper, TrangThai, TongTien, ThoiGianDat) VALUES (N'DH00117', N'KH004', N'NH022', 'SP008', N'Đang giao', 559740, SYSUTCDATETIME());
INSERT INTO ChiTietDonHang (MaDon, MaMon, SoLuong, DonGia) VALUES (N'DH00117', N'MA02206', 3, 130184);
INSERT INTO ChiTietDonHang (MaDon, MaMon, SoLuong, DonGia) VALUES (N'DH00117', N'MA02218', 2, 43741);
INSERT INTO ChiTietDonHang (MaDon, MaMon, SoLuong, DonGia) VALUES (N'DH00117', N'MA02204', 1, 81706);
INSERT INTO DonHang (MaDon, MaKH, MaNH, MaShipper, TrangThai, TongTien, ThoiGianDat) VALUES (N'DH00118', N'KH005', N'NH047', 'SP018', N'Đang giao', 66567, SYSUTCDATETIME());
INSERT INTO ChiTietDonHang (MaDon, MaMon, SoLuong, DonGia) VALUES (N'DH00118', N'MA04708', 1, 66567);
INSERT INTO DonHang (MaDon, MaKH, MaNH, MaShipper, TrangThai, TongTien, ThoiGianDat) VALUES (N'DH00119', N'KH005', N'NH027', 'SP011', N'Đang giao', 500861, SYSUTCDATETIME());
INSERT INTO ChiTietDonHang (MaDon, MaMon, SoLuong, DonGia) VALUES (N'DH00119', N'MA02715', 1, 131570);
INSERT INTO ChiTietDonHang (MaDon, MaMon, SoLuong, DonGia) VALUES (N'DH00119', N'MA02716', 3, 27035);
INSERT INTO ChiTietDonHang (MaDon, MaMon, SoLuong, DonGia) VALUES (N'DH00119', N'MA02719', 3, 96062);
INSERT INTO DonHang (MaDon, MaKH, MaNH, MaShipper, TrangThai, TongTien, ThoiGianDat) VALUES (N'DH00120', N'KH002', N'NH031', NULL, N'Hoàn thành', 567771, SYSUTCDATETIME());
INSERT INTO ChiTietDonHang (MaDon, MaMon, SoLuong, DonGia) VALUES (N'DH00120', N'MA03114', 1, 27086);
INSERT INTO ChiTietDonHang (MaDon, MaMon, SoLuong, DonGia) VALUES (N'DH00120', N'MA03105', 2, 46253);
INSERT INTO ChiTietDonHang (MaDon, MaMon, SoLuong, DonGia) VALUES (N'DH00120', N'MA03114', 3, 149393);
INSERT INTO DonHang (MaDon, MaKH, MaNH, MaShipper, TrangThai, TongTien, ThoiGianDat) VALUES (N'DH00121', N'KH008', N'NH010', 'SP011', N'Chờ xác nhận', 484148, SYSUTCDATETIME());
INSERT INTO ChiTietDonHang (MaDon, MaMon, SoLuong, DonGia) VALUES (N'DH00121', N'MA01011', 1, 102710);
INSERT INTO ChiTietDonHang (MaDon, MaMon, SoLuong, DonGia) VALUES (N'DH00121', N'MA01011', 1, 103165);
INSERT INTO ChiTietDonHang (MaDon, MaMon, SoLuong, DonGia) VALUES (N'DH00121', N'MA01001', 2, 79251);
INSERT INTO ChiTietDonHang (MaDon, MaMon, SoLuong, DonGia) VALUES (N'DH00121', N'MA01007', 1, 119771);
INSERT INTO DonHang (MaDon, MaKH, MaNH, MaShipper, TrangThai, TongTien, ThoiGianDat) VALUES (N'DH00122', N'KH010', N'NH049', 'SP006', N'Chờ xác nhận', 376287, SYSUTCDATETIME());
INSERT INTO ChiTietDonHang (MaDon, MaMon, SoLuong, DonGia) VALUES (N'DH00122', N'MA04920', 3, 76847);
INSERT INTO ChiTietDonHang (MaDon, MaMon, SoLuong, DonGia) VALUES (N'DH00122', N'MA04914', 2, 72873);
INSERT INTO DonHang (MaDon, MaKH, MaNH, MaShipper, TrangThai, TongTien, ThoiGianDat) VALUES (N'DH00123', N'KH008', N'NH025', NULL, N'Đã hủy', 426506, SYSUTCDATETIME());
INSERT INTO ChiTietDonHang (MaDon, MaMon, SoLuong, DonGia) VALUES (N'DH00123', N'MA02524', 1, 68903);
INSERT INTO ChiTietDonHang (MaDon, MaMon, SoLuong, DonGia) VALUES (N'DH00123', N'MA02511', 3, 119201);
INSERT INTO DonHang (MaDon, MaKH, MaNH, MaShipper, TrangThai, TongTien, ThoiGianDat) VALUES (N'DH00124', N'KH004', N'NH002', 'SP001', N'Đã xác nhận', 336709, SYSUTCDATETIME());
INSERT INTO ChiTietDonHang (MaDon, MaMon, SoLuong, DonGia) VALUES (N'DH00124', N'MA00210', 1, 36899);
INSERT INTO ChiTietDonHang (MaDon, MaMon, SoLuong, DonGia) VALUES (N'DH00124', N'MA00213', 3, 85973);
INSERT INTO ChiTietDonHang (MaDon, MaMon, SoLuong, DonGia) VALUES (N'DH00124', N'MA00210', 1, 41891);
INSERT INTO DonHang (MaDon, MaKH, MaNH, MaShipper, TrangThai, TongTien, ThoiGianDat) VALUES (N'DH00125', N'KH001', N'NH020', 'SP010', N'Đã hủy', 657327, SYSUTCDATETIME());
INSERT INTO ChiTietDonHang (MaDon, MaMon, SoLuong, DonGia) VALUES (N'DH00125', N'MA02014', 3, 136388);
INSERT INTO ChiTietDonHang (MaDon, MaMon, SoLuong, DonGia) VALUES (N'DH00125', N'MA02005', 2, 64922);
INSERT INTO ChiTietDonHang (MaDon, MaMon, SoLuong, DonGia) VALUES (N'DH00125', N'MA02012', 1, 118319);
INSERT INTO DonHang (MaDon, MaKH, MaNH, MaShipper, TrangThai, TongTien, ThoiGianDat) VALUES (N'DH00126', N'KH003', N'NH026', 'SP001', N'Đã xác nhận', 202359, SYSUTCDATETIME());
INSERT INTO ChiTietDonHang (MaDon, MaMon, SoLuong, DonGia) VALUES (N'DH00126', N'MA02607', 1, 116216);
INSERT INTO ChiTietDonHang (MaDon, MaMon, SoLuong, DonGia) VALUES (N'DH00126', N'MA02619', 1, 86143);
INSERT INTO DonHang (MaDon, MaKH, MaNH, MaShipper, TrangThai, TongTien, ThoiGianDat) VALUES (N'DH00127', N'KH002', N'NH024', 'SP002', N'Đang giao', 78858, SYSUTCDATETIME());
INSERT INTO ChiTietDonHang (MaDon, MaMon, SoLuong, DonGia) VALUES (N'DH00127', N'MA02420', 3, 26286);
INSERT INTO DonHang (MaDon, MaKH, MaNH, MaShipper, TrangThai, TongTien, ThoiGianDat) VALUES (N'DH00128', N'KH002', N'NH042', NULL, N'Chờ xác nhận', 545805, SYSUTCDATETIME());
INSERT INTO ChiTietDonHang (MaDon, MaMon, SoLuong, DonGia) VALUES (N'DH00128', N'MA04215', 1, 69840);
INSERT INTO ChiTietDonHang (MaDon, MaMon, SoLuong, DonGia) VALUES (N'DH00128', N'MA04218', 2, 53126);
INSERT INTO ChiTietDonHang (MaDon, MaMon, SoLuong, DonGia) VALUES (N'DH00128', N'MA04223', 1, 40070);
INSERT INTO ChiTietDonHang (MaDon, MaMon, SoLuong, DonGia) VALUES (N'DH00128', N'MA04223', 3, 109881);
INSERT INTO DonHang (MaDon, MaKH, MaNH, MaShipper, TrangThai, TongTien, ThoiGianDat) VALUES (N'DH00129', N'KH001', N'NH020', NULL, N'Đã hủy', 715669, SYSUTCDATETIME());
INSERT INTO ChiTietDonHang (MaDon, MaMon, SoLuong, DonGia) VALUES (N'DH00129', N'MA02020', 3, 99381);
INSERT INTO ChiTietDonHang (MaDon, MaMon, SoLuong, DonGia) VALUES (N'DH00129', N'MA02005', 1, 74896);
INSERT INTO ChiTietDonHang (MaDon, MaMon, SoLuong, DonGia) VALUES (N'DH00129', N'MA02017', 3, 114210);
INSERT INTO DonHang (MaDon, MaKH, MaNH, MaShipper, TrangThai, TongTien, ThoiGianDat) VALUES (N'DH00130', N'KH002', N'NH019', NULL, N'Hoàn thành', 239910, SYSUTCDATETIME());
INSERT INTO ChiTietDonHang (MaDon, MaMon, SoLuong, DonGia) VALUES (N'DH00130', N'MA01920', 2, 46181);
INSERT INTO ChiTietDonHang (MaDon, MaMon, SoLuong, DonGia) VALUES (N'DH00130', N'MA01917', 1, 147548);
INSERT INTO DanhGia (MaDon, Diem, BinhLuan) VALUES (N'DH00130', 4, N'Tỉ lệ như hình');
INSERT INTO DonHang (MaDon, MaKH, MaNH, MaShipper, TrangThai, TongTien, ThoiGianDat) VALUES (N'DH00131', N'KH003', N'NH003', 'SP018', N'Đã xác nhận', 631957, SYSUTCDATETIME());
INSERT INTO ChiTietDonHang (MaDon, MaMon, SoLuong, DonGia) VALUES (N'DH00131', N'MA00311', 1, 50737);
INSERT INTO ChiTietDonHang (MaDon, MaMon, SoLuong, DonGia) VALUES (N'DH00131', N'MA00301', 1, 108032);
INSERT INTO ChiTietDonHang (MaDon, MaMon, SoLuong, DonGia) VALUES (N'DH00131', N'MA00304', 3, 129475);
INSERT INTO ChiTietDonHang (MaDon, MaMon, SoLuong, DonGia) VALUES (N'DH00131', N'MA00322', 1, 84763);
INSERT INTO DonHang (MaDon, MaKH, MaNH, MaShipper, TrangThai, TongTien, ThoiGianDat) VALUES (N'DH00132', N'KH002', N'NH050', NULL, N'Chờ xác nhận', 242916, SYSUTCDATETIME());
INSERT INTO ChiTietDonHang (MaDon, MaMon, SoLuong, DonGia) VALUES (N'DH00132', N'MA05021', 2, 50298);
INSERT INTO ChiTietDonHang (MaDon, MaMon, SoLuong, DonGia) VALUES (N'DH00132', N'MA05010', 2, 54619);
INSERT INTO ChiTietDonHang (MaDon, MaMon, SoLuong, DonGia) VALUES (N'DH00132', N'MA05002', 1, 33082);
INSERT INTO DonHang (MaDon, MaKH, MaNH, MaShipper, TrangThai, TongTien, ThoiGianDat) VALUES (N'DH00133', N'KH001', N'NH019', 'SP012', N'Hoàn thành', 131574, SYSUTCDATETIME());
INSERT INTO ChiTietDonHang (MaDon, MaMon, SoLuong, DonGia) VALUES (N'DH00133', N'MA01904', 1, 131574);
INSERT INTO DanhGia (MaDon, Diem, BinhLuan) VALUES (N'DH00133', 3, N'Chất lượng tốt');
INSERT INTO DonHang (MaDon, MaKH, MaNH, MaShipper, TrangThai, TongTien, ThoiGianDat) VALUES (N'DH00134', N'KH006', N'NH023', 'SP015', N'Chờ xác nhận', 447965, SYSUTCDATETIME());
INSERT INTO ChiTietDonHang (MaDon, MaMon, SoLuong, DonGia) VALUES (N'DH00134', N'MA02311', 1, 43969);
INSERT INTO ChiTietDonHang (MaDon, MaMon, SoLuong, DonGia) VALUES (N'DH00134', N'MA02313', 2, 72461);
INSERT INTO ChiTietDonHang (MaDon, MaMon, SoLuong, DonGia) VALUES (N'DH00134', N'MA02309', 2, 129537);
INSERT INTO DonHang (MaDon, MaKH, MaNH, MaShipper, TrangThai, TongTien, ThoiGianDat) VALUES (N'DH00135', N'KH008', N'NH027', NULL, N'Đã xác nhận', 67186, SYSUTCDATETIME());
INSERT INTO ChiTietDonHang (MaDon, MaMon, SoLuong, DonGia) VALUES (N'DH00135', N'MA02706', 2, 33593);
INSERT INTO DonHang (MaDon, MaKH, MaNH, MaShipper, TrangThai, TongTien, ThoiGianDat) VALUES (N'DH00136', N'KH010', N'NH031', 'SP019', N'Đã xác nhận', 1029050, SYSUTCDATETIME());
INSERT INTO ChiTietDonHang (MaDon, MaMon, SoLuong, DonGia) VALUES (N'DH00136', N'MA03125', 3, 67002);
INSERT INTO ChiTietDonHang (MaDon, MaMon, SoLuong, DonGia) VALUES (N'DH00136', N'MA03101', 3, 133059);
INSERT INTO ChiTietDonHang (MaDon, MaMon, SoLuong, DonGia) VALUES (N'DH00136', N'MA03124', 1, 147591);
INSERT INTO ChiTietDonHang (MaDon, MaMon, SoLuong, DonGia) VALUES (N'DH00136', N'MA03116', 2, 140638);
INSERT INTO DonHang (MaDon, MaKH, MaNH, MaShipper, TrangThai, TongTien, ThoiGianDat) VALUES (N'DH00137', N'KH002', N'NH027', NULL, N'Chờ xác nhận', 824432, SYSUTCDATETIME());
INSERT INTO ChiTietDonHang (MaDon, MaMon, SoLuong, DonGia) VALUES (N'DH00137', N'MA02721', 1, 61187);
INSERT INTO ChiTietDonHang (MaDon, MaMon, SoLuong, DonGia) VALUES (N'DH00137', N'MA02723', 3, 133814);
INSERT INTO ChiTietDonHang (MaDon, MaMon, SoLuong, DonGia) VALUES (N'DH00137', N'MA02717', 3, 120601);
INSERT INTO DonHang (MaDon, MaKH, MaNH, MaShipper, TrangThai, TongTien, ThoiGianDat) VALUES (N'DH00138', N'KH010', N'NH047', 'SP019', N'Đang giao', 320196, SYSUTCDATETIME());
INSERT INTO ChiTietDonHang (MaDon, MaMon, SoLuong, DonGia) VALUES (N'DH00138', N'MA04714', 3, 106732);
INSERT INTO DonHang (MaDon, MaKH, MaNH, MaShipper, TrangThai, TongTien, ThoiGianDat) VALUES (N'DH00139', N'KH004', N'NH031', 'SP012', N'Đã xác nhận', 104331, SYSUTCDATETIME());
INSERT INTO ChiTietDonHang (MaDon, MaMon, SoLuong, DonGia) VALUES (N'DH00139', N'MA03101', 1, 104331);
INSERT INTO DonHang (MaDon, MaKH, MaNH, MaShipper, TrangThai, TongTien, ThoiGianDat) VALUES (N'DH00140', N'KH009', N'NH031', 'SP016', N'Chờ xác nhận', 532265, SYSUTCDATETIME());
INSERT INTO ChiTietDonHang (MaDon, MaMon, SoLuong, DonGia) VALUES (N'DH00140', N'MA03111', 2, 51574);
INSERT INTO ChiTietDonHang (MaDon, MaMon, SoLuong, DonGia) VALUES (N'DH00140', N'MA03109', 3, 26599);
INSERT INTO ChiTietDonHang (MaDon, MaMon, SoLuong, DonGia) VALUES (N'DH00140', N'MA03108', 3, 92154);
INSERT INTO ChiTietDonHang (MaDon, MaMon, SoLuong, DonGia) VALUES (N'DH00140', N'MA03113', 1, 72858);
INSERT INTO DonHang (MaDon, MaKH, MaNH, MaShipper, TrangThai, TongTien, ThoiGianDat) VALUES (N'DH00141', N'KH002', N'NH030', 'SP015', N'Chờ xác nhận', 555457, SYSUTCDATETIME());
INSERT INTO ChiTietDonHang (MaDon, MaMon, SoLuong, DonGia) VALUES (N'DH00141', N'MA03015', 1, 61426);
INSERT INTO ChiTietDonHang (MaDon, MaMon, SoLuong, DonGia) VALUES (N'DH00141', N'MA03016', 3, 117679);
INSERT INTO ChiTietDonHang (MaDon, MaMon, SoLuong, DonGia) VALUES (N'DH00141', N'MA03001', 2, 33453);
INSERT INTO ChiTietDonHang (MaDon, MaMon, SoLuong, DonGia) VALUES (N'DH00141', N'MA03014', 3, 24696);
INSERT INTO DonHang (MaDon, MaKH, MaNH, MaShipper, TrangThai, TongTien, ThoiGianDat) VALUES (N'DH00142', N'KH009', N'NH001', 'SP003', N'Đã hủy', 283646, SYSUTCDATETIME());
INSERT INTO ChiTietDonHang (MaDon, MaMon, SoLuong, DonGia) VALUES (N'DH00142', N'MA00121', 2, 108011);
INSERT INTO ChiTietDonHang (MaDon, MaMon, SoLuong, DonGia) VALUES (N'DH00142', N'MA00111', 1, 67624);
INSERT INTO DonHang (MaDon, MaKH, MaNH, MaShipper, TrangThai, TongTien, ThoiGianDat) VALUES (N'DH00143', N'KH004', N'NH030', 'SP011', N'Đang giao', 800567, SYSUTCDATETIME());
INSERT INTO ChiTietDonHang (MaDon, MaMon, SoLuong, DonGia) VALUES (N'DH00143', N'MA03004', 3, 32771);
INSERT INTO ChiTietDonHang (MaDon, MaMon, SoLuong, DonGia) VALUES (N'DH00143', N'MA03008', 2, 20287);
INSERT INTO ChiTietDonHang (MaDon, MaMon, SoLuong, DonGia) VALUES (N'DH00143', N'MA03012', 3, 128774);
INSERT INTO ChiTietDonHang (MaDon, MaMon, SoLuong, DonGia) VALUES (N'DH00143', N'MA03010', 3, 91786);
INSERT INTO DonHang (MaDon, MaKH, MaNH, MaShipper, TrangThai, TongTien, ThoiGianDat) VALUES (N'DH00144', N'KH006', N'NH045', NULL, N'Đã xác nhận', 816883, SYSUTCDATETIME());
INSERT INTO ChiTietDonHang (MaDon, MaMon, SoLuong, DonGia) VALUES (N'DH00144', N'MA04505', 3, 127720);
INSERT INTO ChiTietDonHang (MaDon, MaMon, SoLuong, DonGia) VALUES (N'DH00144', N'MA04524', 2, 114576);
INSERT INTO ChiTietDonHang (MaDon, MaMon, SoLuong, DonGia) VALUES (N'DH00144', N'MA04504', 3, 53330);
INSERT INTO ChiTietDonHang (MaDon, MaMon, SoLuong, DonGia) VALUES (N'DH00144', N'MA04507', 1, 44581);
INSERT INTO DonHang (MaDon, MaKH, MaNH, MaShipper, TrangThai, TongTien, ThoiGianDat) VALUES (N'DH00145', N'KH007', N'NH014', 'SP015', N'Đang giao', 74325, SYSUTCDATETIME());
INSERT INTO ChiTietDonHang (MaDon, MaMon, SoLuong, DonGia) VALUES (N'DH00145', N'MA01425', 1, 74325);
INSERT INTO DonHang (MaDon, MaKH, MaNH, MaShipper, TrangThai, TongTien, ThoiGianDat) VALUES (N'DH00146', N'KH010', N'NH008', 'SP015', N'Đã hủy', 140802, SYSUTCDATETIME());
INSERT INTO ChiTietDonHang (MaDon, MaMon, SoLuong, DonGia) VALUES (N'DH00146', N'MA00816', 3, 20568);
INSERT INTO ChiTietDonHang (MaDon, MaMon, SoLuong, DonGia) VALUES (N'DH00146', N'MA00824', 3, 26366);
INSERT INTO DonHang (MaDon, MaKH, MaNH, MaShipper, TrangThai, TongTien, ThoiGianDat) VALUES (N'DH00147', N'KH007', N'NH038', 'SP016', N'Đã hủy', 339189, SYSUTCDATETIME());
INSERT INTO ChiTietDonHang (MaDon, MaMon, SoLuong, DonGia) VALUES (N'DH00147', N'MA03824', 1, 126855);
INSERT INTO ChiTietDonHang (MaDon, MaMon, SoLuong, DonGia) VALUES (N'DH00147', N'MA03804', 3, 70778);
INSERT INTO DonHang (MaDon, MaKH, MaNH, MaShipper, TrangThai, TongTien, ThoiGianDat) VALUES (N'DH00148', N'KH010', N'NH039', 'SP011', N'Hoàn thành', 223653, SYSUTCDATETIME());
INSERT INTO ChiTietDonHang (MaDon, MaMon, SoLuong, DonGia) VALUES (N'DH00148', N'MA03909', 2, 72149);
INSERT INTO ChiTietDonHang (MaDon, MaMon, SoLuong, DonGia) VALUES (N'DH00148', N'MA03910', 1, 79355);
INSERT INTO DanhGia (MaDon, Diem, BinhLuan) VALUES (N'DH00148', 5, N'Sẽ ủng hộ lại');
INSERT INTO DonHang (MaDon, MaKH, MaNH, MaShipper, TrangThai, TongTien, ThoiGianDat) VALUES (N'DH00149', N'KH005', N'NH045', 'SP018', N'Đã hủy', 316719, SYSUTCDATETIME());
INSERT INTO ChiTietDonHang (MaDon, MaMon, SoLuong, DonGia) VALUES (N'DH00149', N'MA04507', 3, 47487);
INSERT INTO ChiTietDonHang (MaDon, MaMon, SoLuong, DonGia) VALUES (N'DH00149', N'MA04523', 3, 58086);
INSERT INTO DonHang (MaDon, MaKH, MaNH, MaShipper, TrangThai, TongTien, ThoiGianDat) VALUES (N'DH00150', N'KH006', N'NH044', 'SP005', N'Đã hủy', 749815, SYSUTCDATETIME());
INSERT INTO ChiTietDonHang (MaDon, MaMon, SoLuong, DonGia) VALUES (N'DH00150', N'MA04423', 2, 35126);
INSERT INTO ChiTietDonHang (MaDon, MaMon, SoLuong, DonGia) VALUES (N'DH00150', N'MA04418', 3, 82963);
INSERT INTO ChiTietDonHang (MaDon, MaMon, SoLuong, DonGia) VALUES (N'DH00150', N'MA04419', 3, 143558);
GO
